,driverId,driverRef,number,code,forename,surname,dob,nationality,url,country
0,1,hamilton,44,HAM,Lewis,Hamilton,7/1/1985,British,http://en.wikipedia.org/wiki/Lewis_Hamilton,United Kingdom
1,2,heidfeld,\N,HEI,Nick,Heidfeld,10/5/1977,German,http://en.wikipedia.org/wiki/Nick_Heidfeld,Germany
2,3,rosberg,6,ROS,Nico,Rosberg,27/6/1985,German,http://en.wikipedia.org/wiki/Nico_Rosberg,Germany
3,4,alonso,14,ALO,Fernando,Alonso,29/7/1981,Spanish,http://en.wikipedia.org/wiki/Fernando_Alonso,Spain
4,5,kovalainen,\N,KOV,Heikki,Kovalainen,19/10/1981,Finnish,http://en.wikipedia.org/wiki/Heikki_Kovalainen,Finland
5,6,nakajima,\N,NAK,Kazuki,Nakajima,11/1/1985,Japanese,http://en.wikipedia.org/wiki/Kazuki_Nakajima,Japan
6,7,bourdais,\N,BOU,Sébastien,Bourdais,28/2/1979,French,http://en.wikipedia.org/wiki/S%C3%A9bastien_Bourdais,France
7,8,raikkonen,7,RAI,Kimi,Räikkönen,17/10/1979,Finnish,http://en.wikipedia.org/wiki/Kimi_R%C3%A4ikk%C3%B6nen,Finland
8,9,kubica,88,KUB,Robert,Kubica,7/12/1984,Polish,http://en.wikipedia.org/wiki/Robert_Kubica,Poland
9,10,glock,\N,GLO,Timo,Glock,18/3/1982,German,http://en.wikipedia.org/wiki/Timo_Glock,Germany
10,11,sato,\N,SAT,Takuma,Sato,28/1/1977,Japanese,http://en.wikipedia.org/wiki/Takuma_Sato,Japan
11,12,piquet_jr,\N,PIQ,Nelson,Piquet Jr.,25/7/1985,Brazilian,"http://en.wikipedia.org/wiki/Nelson_Piquet,_Jr.",Brazil
12,13,massa,19,MAS,Felipe,Massa,25/4/1981,Brazilian,http://en.wikipedia.org/wiki/Felipe_Massa,Brazil
13,14,coulthard,\N,COU,David,Coulthard,27/3/1971,British,http://en.wikipedia.org/wiki/David_Coulthard,United Kingdom
14,15,trulli,\N,TRU,Jarno,Trulli,13/7/1974,Italian,http://en.wikipedia.org/wiki/Jarno_Trulli,Italy
15,16,sutil,99,SUT,Adrian,Sutil,11/1/1983,German,http://en.wikipedia.org/wiki/Adrian_Sutil,Germany
16,17,webber,\N,WEB,Mark,Webber,27/8/1976,Australian,http://en.wikipedia.org/wiki/Mark_Webber_(racing_driver),Australia
17,18,button,22,BUT,Jenson,Button,19/1/1980,British,http://en.wikipedia.org/wiki/Jenson_Button,United Kingdom
18,19,davidson,\N,DAV,Anthony,Davidson,18/4/1979,British,http://en.wikipedia.org/wiki/Anthony_Davidson,United Kingdom
19,20,vettel,5,VET,Sebastian,Vettel,3/7/1987,German,http://en.wikipedia.org/wiki/Sebastian_Vettel,Germany
20,21,fisichella,\N,FIS,Giancarlo,Fisichella,14/1/1973,Italian,http://en.wikipedia.org/wiki/Giancarlo_Fisichella,Italy
21,22,barrichello,\N,BAR,Rubens,Barrichello,23/5/1972,Brazilian,http://en.wikipedia.org/wiki/Rubens_Barrichello,Brazil
22,23,ralf_schumacher,\N,SCH,Ralf,Schumacher,30/6/1975,German,http://en.wikipedia.org/wiki/Ralf_Schumacher,Germany
23,24,liuzzi,\N,LIU,Vitantonio,Liuzzi,6/8/1980,Italian,http://en.wikipedia.org/wiki/Vitantonio_Liuzzi,Italy
24,25,wurz,\N,WUR,Alexander,Wurz,15/2/1974,Austrian,http://en.wikipedia.org/wiki/Alexander_Wurz,Austria
25,26,speed,\N,SPE,Scott,Speed,24/1/1983,American,http://en.wikipedia.org/wiki/Scott_Speed,United States
26,27,albers,\N,ALB,Christijan,Albers,16/4/1979,Dutch,http://en.wikipedia.org/wiki/Christijan_Albers,Netherlands
27,28,markus_winkelhock,\N,WIN,Markus,Winkelhock,13/6/1980,German,http://en.wikipedia.org/wiki/Markus_Winkelhock,Germany
28,29,yamamoto,\N,YAM,Sakon,Yamamoto,9/7/1982,Japanese,http://en.wikipedia.org/wiki/Sakon_Yamamoto,Japan
29,30,michael_schumacher,\N,MSC,Michael,Schumacher,3/1/1969,German,http://en.wikipedia.org/wiki/Michael_Schumacher,Germany
30,31,montoya,\N,MON,Juan,Pablo Montoya,20/9/1975,Colombian,http://en.wikipedia.org/wiki/Juan_Pablo_Montoya,Colombia
31,32,klien,\N,KLI,Christian,Klien,7/2/1983,Austrian,http://en.wikipedia.org/wiki/Christian_Klien,Austria
32,33,monteiro,\N,TMO,Tiago,Monteiro,24/7/1976,Portuguese,http://en.wikipedia.org/wiki/Tiago_Monteiro,Portugal
33,34,ide,\N,IDE,Yuji,Ide,21/1/1975,Japanese,http://en.wikipedia.org/wiki/Yuji_Ide,Japan
34,35,villeneuve,\N,VIL,Jacques,Villeneuve,9/4/1971,Canadian,http://en.wikipedia.org/wiki/Jacques_Villeneuve,Canada
35,36,montagny,\N,FMO,Franck,Montagny,5/1/1978,French,http://en.wikipedia.org/wiki/Franck_Montagny,France
36,37,rosa,\N,DLR,Pedro,de la Rosa,24/2/1971,Spanish,http://en.wikipedia.org/wiki/Pedro_de_la_Rosa,Spain
37,38,doornbos,\N,DOO,Robert,Doornbos,23/9/1981,Dutch,http://en.wikipedia.org/wiki/Robert_Doornbos,Netherlands
38,39,karthikeyan,\N,KAR,Narain,Karthikeyan,14/1/1977,Indian,http://en.wikipedia.org/wiki/Narain_Karthikeyan,India
39,40,friesacher,\N,FRI,Patrick,Friesacher,26/9/1980,Austrian,http://en.wikipedia.org/wiki/Patrick_Friesacher,Austria
40,41,zonta,\N,ZON,Ricardo,Zonta,23/3/1976,Brazilian,http://en.wikipedia.org/wiki/Ricardo_Zonta,Brazil
41,42,pizzonia,\N,PIZ,Antônio,Pizzonia,11/9/1980,Brazilian,http://en.wikipedia.org/wiki/Ant%C3%B4nio_Pizzonia,Brazil
42,43,matta,\N,\N,Cristiano,da Matta,19/9/1973,Brazilian,http://en.wikipedia.org/wiki/Cristiano_da_Matta,Brazil
43,44,panis,\N,\N,Olivier,Panis,2/9/1966,French,http://en.wikipedia.org/wiki/Olivier_Panis,France
44,45,pantano,\N,\N,Giorgio,Pantano,4/2/1979,Italian,http://en.wikipedia.org/wiki/Giorgio_Pantano,Italy
45,46,bruni,\N,\N,Gianmaria,Bruni,30/5/1981,Italian,http://en.wikipedia.org/wiki/Gianmaria_Bruni,Italy
46,47,baumgartner,\N,\N,Zsolt,Baumgartner,1/1/1981,Hungarian,http://en.wikipedia.org/wiki/Zsolt_Baumgartner,Hungary
47,48,gene,\N,\N,Marc,Gené,29/3/1974,Spanish,http://en.wikipedia.org/wiki/Marc_Gen%C3%A9,Spain
48,49,frentzen,\N,\N,Heinz-Harald,Frentzen,18/5/1967,German,http://en.wikipedia.org/wiki/Heinz-Harald_Frentzen,Germany
49,50,verstappen,\N,\N,Jos,Verstappen,4/3/1972,Dutch,http://en.wikipedia.org/wiki/Jos_Verstappen,Netherlands
50,51,wilson,\N,\N,Justin,Wilson,31/7/1978,British,http://en.wikipedia.org/wiki/Justin_Wilson_(racing_driver),United Kingdom
51,52,firman,\N,\N,Ralph,Firman,20/5/1975,Irish,http://en.wikipedia.org/wiki/Ralph_Firman,Ireland
52,53,kiesa,\N,\N,Nicolas,Kiesa,3/3/1978,Danish,http://en.wikipedia.org/wiki/Nicolas_Kiesa,Denmark
53,54,burti,\N,\N,Luciano,Burti,5/3/1975,Brazilian,http://en.wikipedia.org/wiki/Luciano_Burti,Brazil
54,55,alesi,\N,\N,Jean,Alesi,11/6/1964,French,http://en.wikipedia.org/wiki/Jean_Alesi,France
55,56,irvine,\N,\N,Eddie,Irvine,10/11/1965,British,http://en.wikipedia.org/wiki/Eddie_Irvine,United Kingdom
56,57,hakkinen,\N,\N,Mika,Häkkinen,28/9/1968,Finnish,http://en.wikipedia.org/wiki/Mika_H%C3%A4kkinen,Finland
57,58,marques,\N,\N,Tarso,Marques,19/1/1976,Brazilian,http://en.wikipedia.org/wiki/Tarso_Marques,Brazil
58,59,bernoldi,\N,\N,Enrique,Bernoldi,19/10/1978,Brazilian,http://en.wikipedia.org/wiki/Enrique_Bernoldi,Brazil
59,60,mazzacane,\N,\N,Gastón,Mazzacane,8/5/1975,Argentinean,http://en.wikipedia.org/wiki/Gast%C3%B3n_Mazzacane,Argentina
60,61,enge,\N,\N,Tomáš,Enge,11/9/1976,Czech,http://en.wikipedia.org/wiki/Tom%C3%A1%C5%A1_Enge,Czech Republic
61,62,yoong,\N,\N,Alex,Yoong,20/7/1976,Malaysian,http://en.wikipedia.org/wiki/Alex_Yoong,Malaysia
62,63,salo,\N,\N,Mika,Salo,30/11/1966,Finnish,http://en.wikipedia.org/wiki/Mika_Salo,Finland
63,64,diniz,\N,\N,Pedro,Diniz,22/5/1970,Brazilian,http://en.wikipedia.org/wiki/Pedro_Diniz,Brazil
64,65,herbert,\N,\N,Johnny,Herbert,25/6/1964,British,http://en.wikipedia.org/wiki/Johnny_Herbert,United Kingdom
65,66,mcnish,\N,\N,Allan,McNish,29/12/1969,British,http://en.wikipedia.org/wiki/Allan_McNish,United Kingdom
66,67,buemi,\N,BUE,Sébastien,Buemi,31/10/1988,Swiss,http://en.wikipedia.org/wiki/S%C3%A9bastien_Buemi,Switzerland
67,68,takagi,\N,\N,Toranosuke,Takagi,12/2/1974,Japanese,http://en.wikipedia.org/wiki/Toranosuke_Takagi,Japan
68,69,badoer,\N,BAD,Luca,Badoer,25/1/1971,Italian,http://en.wikipedia.org/wiki/Luca_Badoer,Italy
69,70,zanardi,\N,\N,Alessandro,Zanardi,23/10/1966,Italian,http://en.wikipedia.org/wiki/Alex_Zanardi,Italy
70,71,damon_hill,\N,\N,Damon,Hill,17/9/1960,British,http://en.wikipedia.org/wiki/Damon_Hill,United Kingdom
71,72,sarrazin,\N,\N,Stéphane,Sarrazin,2/11/1975,French,http://en.wikipedia.org/wiki/St%C3%A9phane_Sarrazin,France
72,73,rosset,\N,\N,Ricardo,Rosset,27/7/1968,Brazilian,http://en.wikipedia.org/wiki/Ricardo_Rosset,Brazil
73,74,tuero,\N,\N,Esteban,Tuero,22/4/1978,Argentinean,http://en.wikipedia.org/wiki/Esteban_Tuero,Argentina
74,75,nakano,\N,\N,Shinji,Nakano,1/4/1971,Japanese,http://en.wikipedia.org/wiki/Shinji_Nakano,Japan
75,76,magnussen,\N,MAG,Jan,Magnussen,4/7/1973,Danish,http://en.wikipedia.org/wiki/Jan_Magnussen,Denmark
76,77,berger,\N,\N,Gerhard,Berger,27/8/1959,Austrian,http://en.wikipedia.org/wiki/Gerhard_Berger,Austria
77,78,larini,\N,\N,Nicola,Larini,19/3/1964,Italian,http://en.wikipedia.org/wiki/Nicola_Larini,Italy
78,79,katayama,\N,\N,Ukyo,Katayama,29/5/1963,Japanese,http://en.wikipedia.org/wiki/Ukyo_Katayama,Japan
79,80,sospiri,\N,\N,Vincenzo,Sospiri,7/10/1966,Italian,http://en.wikipedia.org/wiki/Vincenzo_Sospiri,Italy
80,81,morbidelli,\N,\N,Gianni,Morbidelli,13/1/1968,Italian,http://en.wikipedia.org/wiki/Gianni_Morbidelli,Italy
81,82,fontana,\N,\N,Norberto,Fontana,20/1/1975,Argentinean,http://en.wikipedia.org/wiki/Norberto_Fontana,Argentina
82,83,lamy,\N,\N,Pedro,Lamy,20/3/1972,Portuguese,http://en.wikipedia.org/wiki/Pedro_Lamy,Portugal
83,84,brundle,\N,\N,Martin,Brundle,1/6/1959,British,http://en.wikipedia.org/wiki/Martin_Brundle,United Kingdom
84,85,montermini,\N,\N,Andrea,Montermini,30/5/1964,Italian,http://en.wikipedia.org/wiki/Andrea_Montermini,Italy
85,86,lavaggi,\N,\N,Giovanni,Lavaggi,18/2/1958,Italian,http://en.wikipedia.org/wiki/Giovanni_Lavaggi,Italy
86,87,blundell,\N,\N,Mark,Blundell,8/4/1966,British,http://en.wikipedia.org/wiki/Mark_Blundell,United Kingdom
87,88,suzuki,\N,\N,Aguri,Suzuki,8/9/1960,Japanese,http://en.wikipedia.org/wiki/Aguri_Suzuki,Japan
88,89,inoue,\N,\N,Taki,Inoue,5/9/1963,Japanese,http://en.wikipedia.org/wiki/Taki_Inoue,Japan
89,90,moreno,\N,\N,Roberto,Moreno,11/2/1959,Brazilian,http://en.wikipedia.org/wiki/Roberto_Moreno,Brazil
90,91,wendlinger,\N,\N,Karl,Wendlinger,20/12/1968,Austrian,http://en.wikipedia.org/wiki/Karl_Wendlinger,Austria
91,92,gachot,\N,\N,Bertrand,Gachot,23/12/1962,Belgian,http://en.wikipedia.org/wiki/Bertrand_Gachot,Belgium
92,93,schiattarella,\N,\N,Domenico,Schiattarella,17/11/1967,Italian,http://en.wikipedia.org/wiki/Domenico_Schiattarella,Italy
93,94,martini,\N,\N,Pierluigi,Martini,23/4/1961,Italian,http://en.wikipedia.org/wiki/Pierluigi_Martini,Italy
94,95,mansell,\N,\N,Nigel,Mansell,8/8/1953,British,http://en.wikipedia.org/wiki/Nigel_Mansell,United Kingdom
95,96,boullion,\N,\N,Jean-Christophe,Boullion,27/12/1969,French,http://en.wikipedia.org/wiki/Jean-Christophe_Boullion,France
96,97,papis,\N,\N,Massimiliano,Papis,3/10/1969,Italian,http://en.wikipedia.org/wiki/Massimiliano_Papis,Italy
97,98,deletraz,\N,\N,Jean-Denis,Délétraz,1/10/1963,Swiss,http://en.wikipedia.org/wiki/Jean-Denis_Deletraz,Switzerland
98,99,tarquini,\N,\N,Gabriele,Tarquini,2/3/1962,Italian,http://en.wikipedia.org/wiki/Gabriele_Tarquini,Italy
99,100,comas,\N,\N,Érik,Comas,28/9/1963,French,http://en.wikipedia.org/wiki/%C3%89rik_Comas,France
100,101,brabham,\N,\N,David,Brabham,5/9/1965,Australian,http://en.wikipedia.org/wiki/David_Brabham,Australia
101,102,senna,\N,\N,Ayrton,Senna,21/3/1960,Brazilian,http://en.wikipedia.org/wiki/Ayrton_Senna,Brazil
102,103,bernard,\N,\N,Éric,Bernard,24/8/1964,French,http://en.wikipedia.org/wiki/%C3%89ric_Bernard,France
103,104,fittipaldi,\N,\N,Christian,Fittipaldi,18/1/1971,Brazilian,http://en.wikipedia.org/wiki/Christian_Fittipaldi,Brazil
104,105,alboreto,\N,\N,Michele,Alboreto,23/12/1956,Italian,http://en.wikipedia.org/wiki/Michele_Alboreto,Italy
105,106,beretta,\N,\N,Olivier,Beretta,23/11/1969,Monegasque,http://en.wikipedia.org/wiki/Olivier_Beretta,Monaco
106,107,ratzenberger,\N,\N,Roland,Ratzenberger,4/7/1960,Austrian,http://en.wikipedia.org/wiki/Roland_Ratzenberger,Austria
107,108,belmondo,\N,\N,Paul,Belmondo,23/4/1963,French,http://en.wikipedia.org/wiki/Paul_Belmondo,France
108,109,lehto,\N,\N,Jyrki,Järvilehto,31/1/1966,Finnish,http://en.wikipedia.org/wiki/Jyrki_J%C3%A4rvilehto,Finland
109,110,cesaris,\N,\N,Andrea,de Cesaris,31/5/1959,Italian,http://en.wikipedia.org/wiki/Andrea_de_Cesaris,Italy
110,111,gounon,\N,\N,Jean-Marc,Gounon,1/1/1963,French,http://en.wikipedia.org/wiki/Jean-Marc_Gounon,France
111,112,alliot,\N,\N,Philippe,Alliot,27/7/1954,French,http://en.wikipedia.org/wiki/Philippe_Alliot,France
112,113,adams,\N,\N,Philippe,Adams,19/11/1969,Belgian,http://en.wikipedia.org/wiki/Philippe_Adams,Belgium
113,114,dalmas,\N,\N,Yannick,Dalmas,28/7/1961,French,http://en.wikipedia.org/wiki/Yannick_Dalmas,France
114,115,noda,\N,\N,Hideki,Noda,7/3/1969,Japanese,http://en.wikipedia.org/wiki/Hideki_Noda,Japan
115,116,lagorce,\N,\N,Franck,Lagorce,1/9/1968,French,http://en.wikipedia.org/wiki/Franck_Lagorce,France
116,117,prost,\N,\N,Alain,Prost,24/2/1955,French,http://en.wikipedia.org/wiki/Alain_Prost,France
117,118,warwick,\N,\N,Derek,Warwick,27/8/1954,British,http://en.wikipedia.org/wiki/Derek_Warwick,United Kingdom
118,119,patrese,\N,\N,Riccardo,Patrese,17/4/1954,Italian,http://en.wikipedia.org/wiki/Riccardo_Patrese,Italy
119,120,barbazza,\N,\N,Fabrizio,Barbazza,2/4/1963,Italian,http://en.wikipedia.org/wiki/Fabrizio_Barbazza,Italy
120,121,andretti,\N,\N,Michael,Andretti,5/10/1962,American,http://en.wikipedia.org/wiki/Michael_Andretti,United States
121,122,capelli,\N,\N,Ivan,Capelli,24/5/1963,Italian,http://en.wikipedia.org/wiki/Ivan_Capelli,Italy
122,123,boutsen,\N,\N,Thierry,Boutsen,13/7/1957,Belgian,http://en.wikipedia.org/wiki/Thierry_Boutsen,Belgium
123,124,apicella,\N,\N,Marco,Apicella,7/10/1965,Italian,http://en.wikipedia.org/wiki/Marco_Apicella,Italy
124,125,naspetti,\N,\N,Emanuele,Naspetti,24/2/1968,Italian,http://en.wikipedia.org/wiki/Emanuele_Naspetti,Italy
125,126,toshio_suzuki,\N,\N,Toshio,Suzuki,10/3/1955,Japanese,http://en.wikipedia.org/wiki/Toshio_Suzuki_(driver),Japan
126,127,gugelmin,\N,\N,Maurício,Gugelmin,20/4/1963,Brazilian,http://en.wikipedia.org/wiki/Maur%C3%ADcio_Gugelmin,Brazil
127,128,poele,\N,\N,Eric,van de Poele,30/9/1961,Belgian,http://en.wikipedia.org/wiki/Eric_van_de_Poele,Belgium
128,129,grouillard,\N,\N,Olivier,Grouillard,2/9/1958,French,http://en.wikipedia.org/wiki/Olivier_Grouillard,France
129,130,chiesa,\N,\N,Andrea,Chiesa,6/5/1964,Swiss,http://en.wikipedia.org/wiki/Andrea_Chiesa,Switzerland
130,131,modena,\N,\N,Stefano,Modena,12/5/1963,Italian,http://en.wikipedia.org/wiki/Stefano_Modena,Italy
131,132,amati,\N,\N,Giovanna,Amati,20/7/1959,Italian,http://en.wikipedia.org/wiki/Giovanna_Amati,Italy
132,133,caffi,\N,\N,Alex,Caffi,18/3/1964,Italian,http://en.wikipedia.org/wiki/Alex_Caffi,Italy
133,134,bertaggia,\N,\N,Enrico,Bertaggia,19/9/1964,Italian,http://en.wikipedia.org/wiki/Enrico_Bertaggia,Italy
134,135,mccarthy,\N,\N,Perry,McCarthy,3/3/1961,British,http://en.wikipedia.org/wiki/Perry_McCarthy,United Kingdom
135,136,lammers,\N,\N,Jan,Lammers,2/6/1956,Dutch,http://en.wikipedia.org/wiki/Jan_Lammers,Netherlands
136,137,piquet,\N,\N,Nelson,Piquet,17/8/1952,Brazilian,http://en.wikipedia.org/wiki/Nelson_Piquet,Brazil
137,138,satoru_nakajima,\N,\N,Satoru,Nakajima,23/2/1953,Japanese,http://en.wikipedia.org/wiki/Satoru_Nakajima,Japan
138,139,pirro,\N,\N,Emanuele,Pirro,12/1/1962,Italian,http://en.wikipedia.org/wiki/Emanuele_Pirro,Italy
139,140,johansson,\N,\N,Stefan,Johansson,8/9/1956,Swedish,http://en.wikipedia.org/wiki/Stefan_Johansson,Sweden
140,141,bailey,\N,\N,Julian,Bailey,9/10/1961,British,http://en.wikipedia.org/wiki/Julian_Bailey,United Kingdom
141,142,chaves,\N,\N,Pedro,Chaves,27/2/1965,Portuguese,http://en.wikipedia.org/wiki/Pedro_Chaves,Portugal
142,143,bartels,\N,\N,Michael,Bartels,8/3/1968,German,http://en.wikipedia.org/wiki/Michael_Bartels,Germany
143,144,hattori,\N,\N,Naoki,Hattori,13/6/1966,Japanese,http://en.wikipedia.org/wiki/Naoki_Hattori,Japan
144,145,nannini,\N,\N,Alessandro,Nannini,7/7/1959,Italian,http://en.wikipedia.org/wiki/Alessandro_Nannini,Italy
145,146,schneider,\N,\N,Bernd,Schneider,20/7/1964,German,http://en.wikipedia.org/wiki/Bernd_Schneider_(racecar_driver),Germany
146,147,barilla,\N,\N,Paolo,Barilla,20/4/1961,Italian,http://en.wikipedia.org/wiki/Paolo_Barilla,Italy
147,148,foitek,\N,\N,Gregor,Foitek,27/3/1965,Swiss,http://en.wikipedia.org/wiki/Gregor_Foitek,Switzerland
148,149,langes,\N,\N,Claudio,Langes,20/7/1960,Italian,http://en.wikipedia.org/wiki/Claudio_Langes,Italy
149,150,gary_brabham,\N,\N,Gary,Brabham,29/3/1961,Australian,http://en.wikipedia.org/wiki/Gary_Brabham,Australia
150,151,donnelly,\N,\N,Martin,Donnelly,26/3/1964,British,http://en.wikipedia.org/wiki/Martin_Donnelly_(racing_driver),United Kingdom
151,152,giacomelli,\N,\N,Bruno,Giacomelli,10/9/1952,Italian,http://en.wikipedia.org/wiki/Bruno_Giacomelli,Italy
152,153,alguersuari,\N,ALG,Jaime,Alguersuari,23/3/1990,Spanish,http://en.wikipedia.org/wiki/Jaime_Alguersuari,Spain
153,154,grosjean,8,GRO,Romain,Grosjean,17/4/1986,French,http://en.wikipedia.org/wiki/Romain_Grosjean,France
154,155,kobayashi,10,KOB,Kamui,Kobayashi,13/9/1986,Japanese,http://en.wikipedia.org/wiki/Kamui_Kobayashi,Japan
155,156,palmer,\N,\N,Jonathan,Palmer,7/11/1956,British,http://en.wikipedia.org/wiki/Jonathan_Palmer,United Kingdom
156,157,danner,\N,\N,Christian,Danner,4/4/1958,German,http://en.wikipedia.org/wiki/Christian_Danner,Germany
157,158,cheever,\N,\N,Eddie,Cheever,10/1/1958,American,http://en.wikipedia.org/wiki/Eddie_Cheever,United States
158,159,sala,\N,\N,Luis,Pérez-Sala,15/5/1959,Spanish,http://en.wikipedia.org/wiki/Luis_Perez-Sala,Spain
159,160,ghinzani,\N,\N,Piercarlo,Ghinzani,16/1/1952,Italian,http://en.wikipedia.org/wiki/Piercarlo_Ghinzani,Italy
160,161,weidler,\N,\N,Volker,Weidler,18/3/1962,German,http://en.wikipedia.org/wiki/Volker_Weidler,Germany
161,162,raphanel,\N,\N,Pierre-Henri,Raphanel,27/5/1961,French,http://en.wikipedia.org/wiki/Pierre-Henri_Raphanel,France
162,163,arnoux,\N,\N,René,Arnoux,4/7/1948,French,http://en.wikipedia.org/wiki/Ren%C3%A9_Arnoux,France
163,164,joachim_winkelhock,\N,\N,Joachim,Winkelhock,24/10/1960,German,http://en.wikipedia.org/wiki/Joachim_Winkelhock,Germany
164,165,larrauri,\N,\N,Oscar,Larrauri,19/8/1954,Argentinean,http://en.wikipedia.org/wiki/Oscar_Larrauri,Argentina
165,166,streiff,\N,\N,Philippe,Streiff,26/6/1955,French,http://en.wikipedia.org/wiki/Philippe_Streiff,France
166,167,campos,\N,\N,Adrián,Campos,17/6/1960,Spanish,http://en.wikipedia.org/wiki/Adri%C3%A1n_Campos,Spain
167,168,schlesser,\N,\N,Jean-Louis,Schlesser,12/9/1948,French,http://en.wikipedia.org/wiki/Jean-Louis_Schlesser,France
168,169,fabre,\N,\N,Pascal,Fabre,9/1/1960,French,http://en.wikipedia.org/wiki/Pascal_Fabre,France
169,170,fabi,\N,\N,Teo,Fabi,9/3/1955,Italian,http://en.wikipedia.org/wiki/Teo_Fabi,Italy
170,171,forini,\N,\N,Franco,Forini,22/9/1958,Swiss,http://en.wikipedia.org/wiki/Franco_Forini,Switzerland
171,172,laffite,\N,\N,Jacques,Laffite,21/11/1943,French,http://en.wikipedia.org/wiki/Jacques_Laffite,France
172,173,angelis,\N,\N,Elio,de Angelis,26/3/1958,Italian,http://en.wikipedia.org/wiki/Elio_de_Angelis,Italy
173,174,dumfries,\N,\N,Johnny,Dumfries,26/4/1958,British,http://en.wikipedia.org/wiki/Johnny_Dumfries,United Kingdom
174,175,tambay,\N,\N,Patrick,Tambay,25/6/1949,French,http://en.wikipedia.org/wiki/Patrick_Tambay,France
175,176,surer,\N,\N,Marc,Surer,18/9/1951,Swiss,http://en.wikipedia.org/wiki/Marc_Surer,Switzerland
176,177,keke_rosberg,\N,\N,Keke,Rosberg,6/12/1948,Finnish,http://en.wikipedia.org/wiki/Keke_Rosberg,Finland
177,178,jones,\N,\N,Alan,Jones,2/11/1946,Australian,http://en.wikipedia.org/wiki/Alan_Jones_(Formula_1),Australia
178,179,rothengatter,\N,\N,Huub,Rothengatter,8/10/1954,Dutch,http://en.wikipedia.org/wiki/Huub_Rothengatter,Netherlands
179,180,berg,\N,\N,Allen,Berg,1/8/1961,Canadian,http://en.wikipedia.org/wiki/Allen_Berg,Canada
180,181,manfred_winkelhock,\N,\N,Manfred,Winkelhock,6/10/1951,German,http://en.wikipedia.org/wiki/Manfred_Winkelhock,Germany
181,182,lauda,\N,\N,Niki,Lauda,22/2/1949,Austrian,http://en.wikipedia.org/wiki/Niki_Lauda,Austria
182,183,hesnault,\N,\N,François,Hesnault,30/12/1956,French,http://en.wikipedia.org/wiki/Fran%C3%A7ois_Hesnault,France
183,184,baldi,\N,\N,Mauro,Baldi,31/1/1954,Italian,http://en.wikipedia.org/wiki/Mauro_Baldi,Italy
184,185,bellof,\N,\N,Stefan,Bellof,20/11/1957,German,http://en.wikipedia.org/wiki/Stefan_Bellof,Germany
185,186,acheson,\N,\N,Kenny,Acheson,27/11/1957,British,http://en.wikipedia.org/wiki/Kenny_Acheson,United Kingdom
186,187,watson,\N,\N,John,Watson,4/5/1946,British,http://en.wikipedia.org/wiki/John_Watson_(racing_driver),United Kingdom
187,188,cecotto,\N,\N,Johnny,Cecotto,25/1/1956,Venezuelan,http://en.wikipedia.org/wiki/Johnny_Cecotto,Venezuela
188,189,gartner,\N,\N,Jo,Gartner,24/1/1954,Austrian,http://en.wikipedia.org/wiki/Jo_Gartner,Austria
189,190,corrado_fabi,\N,\N,Corrado,Fabi,12/4/1961,Italian,http://en.wikipedia.org/wiki/Corrado_Fabi,Italy
190,191,thackwell,\N,\N,Mike,Thackwell,30/3/1961,New Zealander,http://en.wikipedia.org/wiki/Mike_Thackwell,New Zealand
191,192,serra,\N,\N,Chico,Serra,3/2/1957,Brazilian,http://en.wikipedia.org/wiki/Chico_Serra,Brazil
192,193,sullivan,\N,\N,Danny,Sullivan,9/3/1950,American,http://en.wikipedia.org/wiki/Danny_Sullivan,United States
193,194,salazar,\N,\N,Eliseo,Salazar,14/11/1954,Chilean,http://en.wikipedia.org/wiki/Eliseo_Salazar,Chile
194,195,guerrero,\N,\N,Roberto,Guerrero,16/11/1958,Colombian,http://en.wikipedia.org/wiki/Roberto_Guerrero,Colombia
195,196,boesel,\N,\N,Raul,Boesel,4/12/1957,Brazilian,http://en.wikipedia.org/wiki/Raul_Boesel,Brazil
196,197,jarier,\N,\N,Jean-Pierre,Jarier,10/7/1946,French,http://en.wikipedia.org/wiki/Jean-Pierre_Jarier,France
197,198,villeneuve_sr,\N,\N,Jacques,Villeneuve Sr.,4/11/1953,Canadian,http://en.wikipedia.org/wiki/Jacques_Villeneuve_(elder),Canada
198,199,reutemann,\N,\N,Carlos,Reutemann,12/4/1942,Argentinean,http://en.wikipedia.org/wiki/Carlos_Reutemann,Argentina
199,200,mass,\N,\N,Jochen,Mass,30/9/1946,German,http://en.wikipedia.org/wiki/Jochen_Mass,Germany
200,201,borgudd,\N,\N,Slim,Borgudd,25/11/1946,Swedish,http://en.wikipedia.org/wiki/Slim_Borgudd,Sweden
201,202,pironi,\N,\N,Didier,Pironi,26/3/1952,French,http://en.wikipedia.org/wiki/Didier_Pironi,France
202,203,gilles_villeneuve,\N,\N,Gilles,Villeneuve,18/1/1950,Canadian,http://en.wikipedia.org/wiki/Gilles_Villeneuve,Canada
203,204,paletti,\N,\N,Riccardo,Paletti,15/6/1958,Italian,http://en.wikipedia.org/wiki/Riccardo_Paletti,Italy
204,205,henton,\N,\N,Brian,Henton,19/9/1946,British,http://en.wikipedia.org/wiki/Brian_Henton,United Kingdom
205,206,daly,\N,\N,Derek,Daly,11/3/1953,Irish,http://en.wikipedia.org/wiki/Derek_Daly,Ireland
206,207,mario_andretti,\N,\N,Mario,Andretti,28/2/1940,American,http://en.wikipedia.org/wiki/Mario_Andretti,United States
207,208,villota,\N,\N,Emilio,de Villota,26/7/1946,Spanish,http://en.wikipedia.org/wiki/Emilio_de_Villota,Spain
208,209,lees,\N,\N,Geoff,Lees,1/5/1951,British,http://en.wikipedia.org/wiki/Geoff_Lees,United Kingdom
209,210,byrne,\N,\N,Tommy,Byrne,6/5/1958,Irish,http://en.wikipedia.org/wiki/Tommy_Byrne_%28racing_driver%29,Ireland
210,211,keegan,\N,\N,Rupert,Keegan,26/2/1955,British,http://en.wikipedia.org/wiki/Rupert_Keegan,United Kingdom
211,212,rebaque,\N,\N,Hector,Rebaque,5/2/1956,Mexican,http://en.wikipedia.org/wiki/Hector_Rebaque,Mexico
212,213,gabbiani,\N,\N,Beppe,Gabbiani,2/1/1957,Italian,http://en.wikipedia.org/wiki/Beppe_Gabbiani,Italy
213,214,cogan,\N,\N,Kevin,Cogan,31/3/1956,American,http://en.wikipedia.org/wiki/Kevin_Cogan,United States
214,215,guerra,\N,\N,Miguel Ángel,Guerra,31/8/1953,Argentinean,http://en.wikipedia.org/wiki/Miguel_Angel_Guerra,Argentina
215,216,stohr,\N,\N,Siegfried,Stohr,10/10/1952,Italian,http://en.wikipedia.org/wiki/Siegfried_Stohr,Italy
216,217,zunino,\N,\N,Ricardo,Zunino,13/4/1949,Argentinean,http://en.wikipedia.org/wiki/Ricardo_Zunino,Argentina
217,218,londono,\N,\N,Ricardo,Londoño,8/8/1949,Colombian,http://en.wikipedia.org/wiki/Ricardo_Londo%C3%B1o,Colombia
218,219,jabouille,\N,\N,Jean-Pierre,Jabouille,1/10/1942,French,http://en.wikipedia.org/wiki/Jean-Pierre_Jabouille,France
219,220,francia,\N,\N,Giorgio,Francia,8/11/1947,Italian,http://en.wikipedia.org/wiki/Giorgio_Francia,Italy
220,221,depailler,\N,\N,Patrick,Depailler,9/8/1944,French,http://en.wikipedia.org/wiki/Patrick_Depailler,France
221,222,scheckter,\N,\N,Jody,Scheckter,29/1/1950,South African,http://en.wikipedia.org/wiki/Jody_Scheckter,South Africa
222,223,regazzoni,\N,\N,Clay,Regazzoni,5/9/1939,Swiss,http://en.wikipedia.org/wiki/Clay_Regazzoni,Switzerland
223,224,emerson_fittipaldi,\N,\N,Emerson,Fittipaldi,12/12/1946,Brazilian,http://en.wikipedia.org/wiki/Emerson_Fittipaldi,Brazil
224,225,kennedy,\N,\N,Dave,Kennedy,15/1/1953,Irish,http://en.wikipedia.org/wiki/David_Kennedy_(racing_driver),Ireland
225,226,south,\N,\N,Stephen,South,19/2/1952,British,http://en.wikipedia.org/wiki/Stephen_South,United Kingdom
226,227,needell,\N,\N,Tiff,Needell,29/10/1951,British,http://en.wikipedia.org/wiki/Tiff_Needell,United Kingdom
227,228,desire_wilson,\N,\N,Desiré,Wilson,26/11/1953,South African,http://en.wikipedia.org/wiki/Desir%C3%A9_Wilson,South Africa
228,229,ertl,\N,\N,Harald,Ertl,31/8/1948,Austrian,http://en.wikipedia.org/wiki/Harald_Ertl,Austria
229,230,brambilla,\N,\N,Vittorio,Brambilla,11/11/1937,Italian,http://en.wikipedia.org/wiki/Vittorio_Brambilla,Italy
230,231,hunt,\N,\N,James,Hunt,29/8/1947,British,http://en.wikipedia.org/wiki/James_Hunt,United Kingdom
231,232,merzario,\N,\N,Arturo,Merzario,11/3/1943,Italian,http://en.wikipedia.org/wiki/Arturo_Merzario,Italy
232,233,stuck,\N,\N,Hans-Joachim,Stuck,1/1/1951,German,http://en.wikipedia.org/wiki/Hans_Joachim_Stuck,Germany
233,234,brancatelli,\N,\N,Gianfranco,Brancatelli,18/1/1950,Italian,http://en.wikipedia.org/wiki/Gianfranco_Brancatelli,Italy
234,235,ickx,\N,\N,Jacky,Ickx,1/1/1945,Belgian,http://en.wikipedia.org/wiki/Jacky_Ickx,Belgium
235,236,gaillard,\N,\N,Patrick,Gaillard,12/2/1952,French,http://en.wikipedia.org/wiki/Patrick_Gaillard,France
236,237,ribeiro,\N,\N,Alex,Ribeiro,7/11/1948,Brazilian,http://en.wikipedia.org/wiki/Alex_Ribeiro,Brazil
237,238,peterson,\N,\N,Ronnie,Peterson,14/2/1944,Swedish,http://en.wikipedia.org/wiki/Ronnie_Peterson,Sweden
238,239,lunger,\N,\N,Brett,Lunger,14/11/1945,American,http://en.wikipedia.org/wiki/Brett_Lunger,United States
239,240,ongais,\N,\N,Danny,Ongais,21/5/1942,American,http://en.wikipedia.org/wiki/Danny_Ongais,United States
240,241,leoni,\N,\N,Lamberto,Leoni,24/5/1953,Italian,http://en.wikipedia.org/wiki/Lamberto_Leoni,Italy
241,242,galica,\N,\N,Divina,Galica,13/8/1944,British,http://en.wikipedia.org/wiki/Divina_Galica,United Kingdom
242,243,stommelen,\N,\N,Rolf,Stommelen,11/7/1943,German,http://en.wikipedia.org/wiki/Rolf_Stommelen,Germany
243,244,colombo,\N,\N,Alberto,Colombo,23/2/1946,Italian,http://en.wikipedia.org/wiki/Alberto_Colombo,Italy
244,245,trimmer,\N,\N,Tony,Trimmer,24/1/1943,British,http://en.wikipedia.org/wiki/Tony_Trimmer,United Kingdom
245,246,binder,\N,\N,Hans,Binder,12/6/1948,Austrian,http://en.wikipedia.org/wiki/Hans_Binder,Austria
246,247,bleekemolen,\N,\N,Michael,Bleekemolen,2/10/1949,Dutch,http://en.wikipedia.org/wiki/Michael_Bleekemolen,Netherlands
247,248,gimax,\N,\N,Carlo,Franchi,1/1/1938,Italian,http://en.wikipedia.org/wiki/Gimax,Italy
248,249,rahal,\N,\N,Bobby,Rahal,10/1/1953,American,http://en.wikipedia.org/wiki/Bobby_Rahal,United States
249,250,pace,\N,\N,Carlos,Pace,6/10/1944,Brazilian,http://en.wikipedia.org/wiki/Carlos_Pace,Brazil
250,251,ian_scheckter,\N,\N,Ian,Scheckter,22/8/1947,South African,http://en.wikipedia.org/wiki/Ian_Scheckter,South Africa
251,252,pryce,\N,\N,Tom,Pryce,11/6/1949,British,http://en.wikipedia.org/wiki/Tom_Pryce,United Kingdom
252,253,hoffmann,\N,\N,Ingo,Hoffmann,28/2/1953,Brazilian,http://en.wikipedia.org/wiki/Ingo_Hoffmann,Brazil
253,254,zorzi,\N,\N,Renzo,Zorzi,12/12/1946,Italian,http://en.wikipedia.org/wiki/Renzo_Zorzi,Italy
254,255,nilsson,\N,\N,Gunnar,Nilsson,20/11/1948,Swedish,http://en.wikipedia.org/wiki/Gunnar_Nilsson,Sweden
255,256,perkins,\N,\N,Larry,Perkins,18/3/1950,Australian,http://en.wikipedia.org/wiki/Larry_Perkins,Australia
256,257,hayje,\N,\N,Boy,Lunger,3/5/1949,Dutch,http://en.wikipedia.org/wiki/Boy_Hayje,Netherlands
257,258,neve,\N,\N,Patrick,Nève,13/10/1949,Belgian,http://en.wikipedia.org/wiki/Patrick_Neve,Belgium
258,259,purley,\N,\N,David,Purley,26/1/1945,British,http://en.wikipedia.org/wiki/David_Purley,United Kingdom
259,260,andersson,\N,\N,Conny,Andersson,28/12/1939,Swedish,http://en.wikipedia.org/wiki/Conny_Andersson_(racing_driver),Sweden
260,261,dryver,\N,\N,Bernard,de Dryver,19/9/1952,Belgian,http://en.wikipedia.org/wiki/Bernard_de_Dryver,Belgium
261,262,oliver,\N,\N,Jackie,Oliver,14/8/1942,British,http://en.wikipedia.org/wiki/Jackie_Oliver,United Kingdom
262,263,kozarowitzky,\N,\N,Mikko,Kozarowitzky,17/5/1948,Finnish,http://en.wikipedia.org/wiki/Mikko_Kozarowitzky,Finland
263,264,sutcliffe,\N,\N,Andy,Sutcliffe,9/5/1947,British,http://en.wikipedia.org/wiki/Andy_Sutcliffe,United Kingdom
264,265,edwards,\N,\N,Guy,Edwards,30/12/1942,British,http://en.wikipedia.org/wiki/Guy_Edwards,United Kingdom
265,266,mcguire,\N,\N,Brian,McGuire,13/12/1945,Australian,http://en.wikipedia.org/wiki/Brian_McGuire,Australia
266,267,schuppan,\N,\N,Vern,Schuppan,19/3/1943,Australian,http://en.wikipedia.org/wiki/Vern_Schuppan,Australia
267,268,heyer,\N,\N,Hans,Heyer,16/3/1943,German,http://en.wikipedia.org/wiki/Hans_Heyer,Germany
268,269,pilette,\N,\N,Teddy,Pilette,26/7/1942,Belgian,http://en.wikipedia.org/wiki/Teddy_Pilette,Belgium
269,270,ashley,\N,\N,Ian,Ashley,26/10/1947,British,http://en.wikipedia.org/wiki/Ian_Ashley,United Kingdom
270,271,kessel,\N,\N,Loris,Kessel,1/4/1950,Swiss,http://en.wikipedia.org/wiki/Loris_Kessel,Switzerland
271,272,takahashi,\N,\N,Kunimitsu,Takahashi,29/1/1940,Japanese,http://en.wikipedia.org/wiki/Kunimitsu_Takahashi,Japan
272,273,hoshino,\N,\N,Kazuyoshi,Hoshino,1/7/1947,Japanese,http://en.wikipedia.org/wiki/Kazuyoshi_Hoshino,Japan
273,274,takahara,\N,\N,Noritake,Takahara,6/6/1951,Japanese,http://en.wikipedia.org/wiki/Noritake_Takahara,Japan
274,275,lombardi,\N,\N,Lella,Lombardi,26/3/1941,Italian,http://en.wikipedia.org/wiki/Lella_Lombardi,Italy
275,276,evans,\N,\N,Bob,Evans,11/6/1947,British,http://en.wikipedia.org/wiki/Bob_Evans_(race_driver),United Kingdom
276,277,leclere,\N,\N,Michel,Leclère,18/3/1946,French,http://en.wikipedia.org/wiki/Michel_Lecl%C3%A8re,France
277,278,amon,\N,\N,Chris,Amon,20/7/1943,New Zealander,http://en.wikipedia.org/wiki/Chris_Amon,New Zealand
278,279,zapico,\N,\N,Emilio,Zapico,27/5/1944,Spanish,http://en.wikipedia.org/wiki/Emilio_Zapico,Spain
279,280,pescarolo,\N,\N,Henri,Pescarolo,25/9/1942,French,http://en.wikipedia.org/wiki/Henri_Pescarolo,France
280,281,nelleman,\N,\N,Jac,Nelleman,19/4/1944,Danish,http://en.wikipedia.org/wiki/Jac_Nelleman,Denmark
281,282,magee,\N,\N,Damien,Magee,17/11/1945,British,http://en.wikipedia.org/wiki/Damien_Magee,United Kingdom
282,283,wilds,\N,\N,Mike,Wilds,7/1/1946,British,http://en.wikipedia.org/wiki/Mike_Wilds,United Kingdom
283,284,pesenti_rossi,\N,\N,Alessandro,Pesenti-Rossi,31/8/1942,Italian,http://en.wikipedia.org/wiki/Alessandro_Pesenti-Rossi,Italy
284,285,stuppacher,\N,\N,Otto,Stuppacher,3/3/1947,Austrian,http://en.wikipedia.org/wiki/Otto_Stuppacher,Austria
285,286,brown,\N,\N,Warwick,Brown,24/12/1949,Australian,http://en.wikipedia.org/wiki/Warwick_Brown,Australia
286,287,hasemi,\N,\N,Masahiro,Hasemi,13/11/1945,Japanese,http://en.wikipedia.org/wiki/Masahiro_Hasemi,Japan
287,288,donohue,\N,\N,Mark,Donohue,18/3/1937,American,http://en.wikipedia.org/wiki/Mark_Donohue,United States
288,289,hill,\N,\N,Graham,Hill,15/2/1929,British,http://en.wikipedia.org/wiki/Graham_Hill,United Kingdom
289,290,wilson_fittipaldi,\N,\N,Wilson,Fittipaldi,25/12/1943,Brazilian,http://en.wikipedia.org/wiki/Wilson_Fittipaldi,Brazil
290,291,tunmer,\N,\N,Guy,Tunmer,1/12/1948,South African,http://en.wikipedia.org/wiki/Guy_Tunmer,South Africa
291,292,keizan,\N,\N,Eddie,Keizan,12/9/1944,South African,http://en.wikipedia.org/wiki/Eddie_Keizan,South Africa
292,293,charlton,\N,\N,Dave,Charlton,27/10/1936,South African,http://en.wikipedia.org/wiki/Dave_Charlton,South Africa
293,294,brise,\N,\N,Tony,Brise,28/3/1952,British,http://en.wikipedia.org/wiki/Tony_Brise,United Kingdom
294,295,wunderink,\N,\N,Roelof,Wunderink,12/12/1948,Dutch,http://en.wikipedia.org/wiki/Roelof_Wunderink,Netherlands
295,296,migault,\N,\N,François,Migault,4/12/1944,French,http://en.wikipedia.org/wiki/Fran%C3%A7ois_Migault,France
296,297,palm,\N,\N,Torsten,Palm,23/7/1947,Swedish,http://en.wikipedia.org/wiki/Torsten_Palm,Sweden
297,298,lennep,\N,\N,Gijs,van Lennep,16/3/1942,Dutch,http://en.wikipedia.org/wiki/Gijs_Van_Lennep,Netherlands
298,299,fushida,\N,\N,Hiroshi,Fushida,10/3/1946,Japanese,http://en.wikipedia.org/wiki/Hiroshi_Fushida,Japan
299,300,nicholson,\N,\N,John,Nicholson,6/10/1941,New Zealander,http://en.wikipedia.org/wiki/John_Nicholson_(racing_driver),New Zealand
300,301,morgan,\N,\N,Dave,Morgan,7/8/1944,British,http://en.wikipedia.org/wiki/Dave_Morgan_(racing_driver),United Kingdom
301,302,crawford,\N,\N,Jim,Crawford,13/2/1948,British,http://en.wikipedia.org/wiki/Jim_Crawford_(driver),United Kingdom
302,303,vonlanthen,\N,\N,Jo,Vonlanthen,31/5/1942,Swiss,http://en.wikipedia.org/wiki/Jo_Vonlanthen,Switzerland
303,304,hulme,\N,\N,Denny,Hulme,18/6/1936,New Zealander,http://en.wikipedia.org/wiki/Denny_Hulme,New Zealand
304,305,hailwood,\N,\N,Mike,Hailwood,2/4/1940,British,http://en.wikipedia.org/wiki/Mike_Hailwood,United Kingdom
305,306,beltoise,\N,\N,Jean-Pierre,Beltoise,26/4/1937,French,http://en.wikipedia.org/wiki/Jean-Pierre_Beltoise,France
306,307,ganley,\N,\N,Howden,Ganley,24/12/1941,New Zealander,http://en.wikipedia.org/wiki/Howden_Ganley,New Zealand
307,308,robarts,\N,\N,Richard,Robarts,22/9/1944,British,http://en.wikipedia.org/wiki/Richard_Robarts,United Kingdom
308,309,revson,\N,\N,Peter,Revson,27/2/1939,American,http://en.wikipedia.org/wiki/Peter_Revson,United States
309,310,driver,\N,\N,Paddy,Driver,13/5/1934,South African,http://en.wikipedia.org/wiki/Paddy_Driver,South Africa
310,311,belso,\N,\N,Tom,Belsø,27/8/1942,Danish,http://en.wikipedia.org/wiki/Tom_Bels%C3%B8,Denmark
311,312,redman,\N,\N,Brian,Redman,9/3/1937,British,http://en.wikipedia.org/wiki/Brian_Redman,United Kingdom
312,313,opel,\N,\N,Rikky,von Opel,14/10/1947,Liechtensteiner,http://en.wikipedia.org/wiki/Rikky_von_Opel,Liechtenstein
313,314,schenken,\N,\N,Tim,Schenken,26/9/1943,Australian,http://en.wikipedia.org/wiki/Tim_Schenken,Australia
314,315,larrousse,\N,\N,Gérard,Larrousse,23/5/1940,French,http://en.wikipedia.org/wiki/G%C3%A9rard_Larrousse,France
315,316,kinnunen,\N,\N,Leo,Kinnunen,5/8/1943,Finnish,http://en.wikipedia.org/wiki/Leo_Kinnunen,Finland
316,317,wisell,\N,\N,Reine,Wisell,30/9/1941,Swedish,http://en.wikipedia.org/wiki/Reine_Wisell,Sweden
317,318,roos,\N,\N,Bertil,Roos,12/10/1943,Swedish,http://en.wikipedia.org/wiki/Bertil_Roos,Sweden
318,319,dolhem,\N,\N,José,Dolhem,26/4/1944,French,http://en.wikipedia.org/wiki/Jos%C3%A9_Dolhem,France
319,320,gethin,\N,\N,Peter,Gethin,21/2/1940,British,http://en.wikipedia.org/wiki/Peter_Gethin,United Kingdom
320,321,bell,\N,\N,Derek,Bell,31/10/1941,British,http://en.wikipedia.org/wiki/Derek_Bell_(auto_racer),United Kingdom
321,322,hobbs,\N,\N,David,Hobbs,9/6/1939,British,http://en.wikipedia.org/wiki/David_Hobbs_(racing_driver),United Kingdom
322,323,quester,\N,\N,Dieter,Quester,30/5/1939,Austrian,http://en.wikipedia.org/wiki/Dieter_Quester,Austria
323,324,koinigg,\N,\N,Helmuth,Koinigg,3/11/1948,Austrian,http://en.wikipedia.org/wiki/Helmuth_Koinigg,Austria
324,325,facetti,\N,\N,Carlo,Facetti,26/6/1935,Italian,http://en.wikipedia.org/wiki/Carlo_Facetti,Italy
325,326,wietzes,\N,\N,Eppie,Wietzes,28/5/1938,Canadian,http://en.wikipedia.org/wiki/Eppie_Wietzes,Canada
326,327,cevert,\N,\N,François,Cevert,25/2/1944,French,http://en.wikipedia.org/wiki/Fran%C3%A7ois_Cevert,France
327,328,stewart,\N,\N,Jackie,Stewart,11/6/1939,British,http://en.wikipedia.org/wiki/Jackie_Stewart,United Kingdom
328,329,beuttler,\N,\N,Mike,Beuttler,13/4/1940,British,http://en.wikipedia.org/wiki/Mike_Beuttler,United Kingdom
329,330,galli,\N,\N,Nanni,Galli,2/10/1940,Italian,http://en.wikipedia.org/wiki/Nanni_Galli,Italy
330,331,bueno,\N,\N,Luiz,Bueno,16/1/1937,Brazilian,http://en.wikipedia.org/wiki/Luiz_Bueno,Brazil
331,332,follmer,\N,\N,George,Follmer,27/1/1934,American,http://en.wikipedia.org/wiki/George_Follmer,United States
332,333,adamich,\N,\N,Andrea,de Adamich,3/10/1941,Italian,http://en.wikipedia.org/wiki/Andrea_de_Adamich,Italy
333,334,pretorius,\N,\N,Jackie,Pretorius,22/11/1934,South African,http://en.wikipedia.org/wiki/Jackie_Pretorius,South Africa
334,335,williamson,\N,\N,Roger,Williamson,2/2/1948,British,http://en.wikipedia.org/wiki/Roger_Williamson,United Kingdom
335,336,mcrae,\N,\N,Graham,McRae,5/3/1940,New Zealander,http://en.wikipedia.org/wiki/Graham_McRae,New Zealand
336,337,marko,\N,\N,Helmut,Marko,27/4/1943,Austrian,http://en.wikipedia.org/wiki/Helmut_Marko,Austria
337,338,walker,\N,\N,David,Walker,10/6/1941,Australian,http://en.wikipedia.org/wiki/David_Walker_(racing_driver),Australia
338,339,roig,\N,\N,Alex,Soler-Roig,29/10/1932,Spanish,http://en.wikipedia.org/wiki/Alex_Soler-Roig,Spain
339,340,love,\N,\N,John,Love,7/12/1924,Zimbabwean,http://en.wikipedia.org/wiki/John_Love_(racing_driver),Zimbabwe
340,341,surtees,\N,\N,John,Surtees,11/2/1934,British,http://en.wikipedia.org/wiki/John_Surtees,United Kingdom
341,342,barber,\N,\N,Skip,Barber,16/11/1936,American,http://en.wikipedia.org/wiki/Skip_Barber,United States
342,343,brack,\N,\N,Bill,Brack,26/12/1935,Canadian,http://en.wikipedia.org/wiki/Bill_Brack,Canada
343,344,posey,\N,\N,Sam,Posey,26/5/1944,American,http://en.wikipedia.org/wiki/Sam_Posey,United States
344,345,rodriguez,\N,\N,Pedro,Rodríguez,18/1/1940,Mexican,http://en.wikipedia.org/wiki/Pedro_Rodr%C3%ADguez_(racing_driver),Mexico
345,346,siffert,\N,\N,Jo,Siffert,7/7/1936,Swiss,http://en.wikipedia.org/wiki/Jo_Siffert,Switzerland
346,347,bonnier,\N,\N,Jo,Bonnier,31/1/1930,Swedish,http://en.wikipedia.org/wiki/Joakim_Bonnier,Sweden
347,348,mazet,\N,\N,François,Mazet,24/2/1943,French,http://en.wikipedia.org/wiki/Fran%C3%A7ois_Mazet,France
348,349,jean,\N,\N,Max,Jean,27/7/1943,French,http://en.wikipedia.org/wiki/Max_Jean,France
349,350,elford,\N,\N,Vic,Elford,10/6/1935,British,http://en.wikipedia.org/wiki/Vic_Elford,United Kingdom
350,351,moser,\N,\N,Silvio,Moser,24/4/1941,Swiss,http://en.wikipedia.org/wiki/Silvio_Moser,Switzerland
351,352,eaton,\N,\N,George,Eaton,12/11/1945,Canadian,http://en.wikipedia.org/wiki/George_Eaton,Canada
352,353,lovely,\N,\N,Pete,Lovely,11/4/1926,American,http://en.wikipedia.org/wiki/Pete_Lovely,United States
353,354,craft,\N,\N,Chris,Craft,17/11/1939,British,http://en.wikipedia.org/wiki/Chris_Craft_(racing_driver),United Kingdom
354,355,Cannoc,\N,\N,John,Cannon,21/6/1933,Canadian,http://en.wikipedia.org/wiki/John_Cannon_(auto_racer),Canada
355,356,jack_brabham,\N,\N,Jack,Brabham,2/4/1926,Australian,http://en.wikipedia.org/wiki/Jack_Brabham,Australia
356,357,miles,\N,\N,John,Miles,14/6/1943,British,http://en.wikipedia.org/wiki/John_Miles_(auto_racer),United Kingdom
357,358,rindt,\N,\N,Jochen,Rindt,18/4/1942,Austrian,http://en.wikipedia.org/wiki/Jochen_Rindt,Austria
358,359,gavin,\N,\N,Johnny,Servoz-Gavin,18/1/1942,French,http://en.wikipedia.org/wiki/Johnny_Servoz-Gavin,France
359,360,mclaren,\N,\N,Bruce,McLaren,30/8/1937,New Zealander,http://en.wikipedia.org/wiki/Bruce_McLaren,New Zealand
360,361,courage,\N,\N,Piers,Courage,27/5/1942,British,http://en.wikipedia.org/wiki/Piers_Courage,United Kingdom
361,362,klerk,\N,\N,Peter,de Klerk,16/3/1935,South African,http://en.wikipedia.org/wiki/Peter_de_Klerk,South Africa
362,363,giunti,\N,\N,Ignazio,Giunti,30/8/1941,Italian,http://en.wikipedia.org/wiki/Ignazio_Giunti,Italy
363,364,gurney,\N,\N,Dan,Gurney,13/4/1931,American,http://en.wikipedia.org/wiki/Dan_Gurney,United States
364,365,hahne,\N,\N,Hubert,Hahne,28/3/1935,German,http://en.wikipedia.org/wiki/Hubert_Hahne,Germany
365,366,hutchison,\N,\N,Gus,Hutchison,26/4/1937,American,http://en.wikipedia.org/wiki/Gus_Hutchison,United States
366,367,westbury,\N,\N,Peter,Westbury,26/5/1938,British,http://en.wikipedia.org/wiki/Peter_Westbury,United Kingdom
367,368,tingle,\N,\N,Sam,Tingle,24/8/1921,Zimbabwean,http://en.wikipedia.org/wiki/Sam_Tingle,Zimbabwe
368,369,rooyen,\N,\N,Basil,van Rooyen,19/4/1939,South African,http://en.wikipedia.org/wiki/Basil_van_Rooyen,South Africa
369,370,attwood,\N,\N,Richard,Attwood,4/4/1940,British,http://en.wikipedia.org/wiki/Richard_Attwood,United Kingdom
370,371,pease,\N,\N,Al,Pease,15/10/1921,Canadian,http://en.wikipedia.org/wiki/Al_Pease,Canada
371,372,cordts,\N,\N,John,Cordts,23/7/1935,Canadian,http://en.wikipedia.org/wiki/John_Cordts,Canada
372,373,clark,\N,\N,Jim,Clark,4/3/1936,British,http://en.wikipedia.org/wiki/Jim_Clark,United Kingdom
373,374,spence,\N,\N,Mike,Spence,30/12/1936,British,http://en.wikipedia.org/wiki/Mike_Spence,United Kingdom
374,375,scarfiotti,\N,\N,Ludovico,Scarfiotti,18/10/1933,Italian,http://en.wikipedia.org/wiki/Ludovico_Scarfiotti,Italy
375,376,bianchi,\N,BIA,Lucien,Bianchi,10/11/1934,Belgian,http://en.wikipedia.org/wiki/Lucien_Bianchi,Belgium
376,377,jo_schlesser,\N,\N,Jo,Schlesser,18/5/1928,French,http://en.wikipedia.org/wiki/Jo_Schlesser,France
377,378,widdows,\N,\N,Robin,Widdows,27/5/1942,British,http://en.wikipedia.org/wiki/Robin_Widdows,United Kingdom
378,379,ahrens,\N,\N,Kurt,Ahrens,19/4/1940,German,"http://en.wikipedia.org/wiki/Kurt_Ahrens,_Jr.",Germany
379,380,gardner,\N,\N,Frank,Gardner,1/10/1930,Australian,http://en.wikipedia.org/wiki/Frank_Gardner_(driver),Australia
380,381,unser,\N,\N,Bobby,Unser,20/2/1934,American,http://en.wikipedia.org/wiki/Bobby_Unser,United States
381,382,solana,\N,\N,Moisés,Solana,26/12/1935,Mexican,http://en.wikipedia.org/wiki/Mois%C3%A9s_Solana,Mexico
382,383,anderson,\N,\N,Bob,Anderson,19/5/1931,British,http://en.wikipedia.org/wiki/Bob_Anderson_(racing_driver),United Kingdom
383,384,botha,\N,\N,Luki,Botha,16/1/1930,South African,http://en.wikipedia.org/wiki/Luki_Botha,South Africa
384,385,bandini,\N,\N,Lorenzo,Bandini,21/12/1935,Italian,http://en.wikipedia.org/wiki/Lorenzo_Bandini,Italy
385,386,ginther,\N,\N,Richie,Ginther,5/8/1930,American,http://en.wikipedia.org/wiki/Richie_Ginther,United States
386,387,parkes,\N,\N,Mike,Parkes,24/9/1931,British,http://en.wikipedia.org/wiki/Mike_Parkes,United Kingdom
387,388,irwin,\N,\N,Chris,Irwin,27/6/1942,British,http://en.wikipedia.org/wiki/Chris_Irwin,United Kingdom
388,389,ligier,\N,\N,Guy,Ligier,12/7/1930,French,http://en.wikipedia.org/wiki/Guy_Ligier,France
389,390,rees,\N,\N,Alan,Rees,12/1/1938,British,http://en.wikipedia.org/wiki/Alan_Rees_(racing_driver),United Kingdom
390,391,hart,\N,\N,Brian,Hart,7/9/1936,British,http://en.wikipedia.org/wiki/Brian_Hart,United Kingdom
391,392,fisher,\N,\N,Mike,Fisher,13/3/1943,American,http://en.wikipedia.org/wiki/Mike_Fisher_(driver),United States
392,393,tom_jones,\N,\N,Tom,Jones,26/4/1943,American,http://en.wikipedia.org/wiki/Tom_Jones_(auto_racer),United States
393,394,baghetti,\N,\N,Giancarlo,Baghetti,25/12/1934,Italian,http://en.wikipedia.org/wiki/Giancarlo_Baghetti,Italy
394,395,williams,\N,\N,Jonathan,Williams,26/10/1942,British,http://en.wikipedia.org/wiki/Jonathan_Williams_(racing_driver),United Kingdom
395,396,bondurant,\N,\N,Bob,Bondurant,27/4/1933,American,http://en.wikipedia.org/wiki/Bob_Bondurant,United States
396,397,arundell,\N,\N,Peter,Arundell,8/11/1933,British,http://en.wikipedia.org/wiki/Peter_Arundell,United Kingdom
397,398,vic_wilson,\N,\N,Vic,Wilson,14/4/1931,British,http://en.wikipedia.org/wiki/Vic_Wilson_(motor_racing_driver),United Kingdom
398,399,taylor,\N,\N,John,Taylor,23/3/1933,British,http://en.wikipedia.org/wiki/John_Taylor_(racer),United Kingdom
399,400,lawrence,\N,\N,Chris,Lawrence,27/7/1933,British,http://en.wikipedia.org/wiki/Chris_Lawrence_(racing_driver),United Kingdom
400,401,trevor_taylor,\N,\N,Trevor,Taylor,26/12/1936,British,http://en.wikipedia.org/wiki/Trevor_Taylor,United Kingdom
401,402,geki,\N,\N,Giacomo,Russo,23/10/1937,Italian,http://en.wikipedia.org/wiki/Geki_(driver),Italy
402,403,phil_hill,\N,\N,Phil,Hill,20/4/1927,American,http://en.wikipedia.org/wiki/Phil_Hill,United States
403,404,ireland,\N,\N,Innes,Ireland,12/6/1930,British,http://en.wikipedia.org/wiki/Innes_Ireland,United Kingdom
404,405,bucknum,\N,\N,Ronnie,Bucknum,5/4/1936,American,http://en.wikipedia.org/wiki/Ronnie_Bucknum,United States
405,406,hawkins,\N,\N,Paul,Hawkins,12/10/1937,Australian,http://en.wikipedia.org/wiki/Paul_Hawkins_(racing_driver),Australia
406,407,prophet,\N,\N,David,Prophet,9/10/1937,British,http://en.wikipedia.org/wiki/David_Prophet,United Kingdom
407,408,maggs,\N,\N,Tony,Maggs,9/2/1937,South African,http://en.wikipedia.org/wiki/Tony_Maggs,South Africa
408,409,blokdyk,\N,\N,Trevor,Blokdyk,30/11/1935,South African,http://en.wikipedia.org/wiki/Trevor_Blokdyk,South Africa
409,410,lederle,\N,\N,Neville,Lederle,25/9/1938,South African,http://en.wikipedia.org/wiki/Neville_Lederle,South Africa
410,411,serrurier,\N,\N,Doug,Serrurier,9/12/1920,South African,http://en.wikipedia.org/wiki/Doug_Serrurier,South Africa
411,412,niemann,\N,\N,Brausch,Niemann,7/1/1939,South African,http://en.wikipedia.org/wiki/Brausch_Niemann,South Africa
412,413,pieterse,\N,\N,Ernie,Pieterse,4/7/1938,South African,http://en.wikipedia.org/wiki/Ernie_Pieterse,South Africa
413,414,puzey,\N,\N,Clive,Puzey,11/7/1941,Zimbabwean,http://en.wikipedia.org/wiki/Clive_Puzey,Zimbabwe
414,415,reed,\N,\N,Ray,Reed,30/4/1932,South African,http://en.wikipedia.org/wiki/Ray_Reed,South Africa
415,416,clapham,\N,\N,David,Clapham,18/5/1931,South African,http://en.wikipedia.org/wiki/David_Clapham,South Africa
416,417,blignaut,\N,\N,Alex,Blignaut,30/11/1932,South African,http://en.wikipedia.org/wiki/Alex_Blignaut,South Africa
417,418,gregory,\N,\N,Masten,Gregory,29/2/1932,American,http://en.wikipedia.org/wiki/Masten_Gregory,United States
418,419,rhodes,\N,\N,John,Rhodes,18/8/1927,British,http://en.wikipedia.org/wiki/John_Rhodes_(driver),United Kingdom
419,420,raby,\N,\N,Ian,Raby,22/9/1921,British,http://en.wikipedia.org/wiki/Ian_Raby,United Kingdom
420,421,rollinson,\N,\N,Alan,Rollinson,15/5/1943,British,http://en.wikipedia.org/wiki/Alan_Rollinson,United Kingdom
421,422,gubby,\N,\N,Brian,Gubby,17/4/1934,British,http://en.wikipedia.org/wiki/Brian_Gubby,United Kingdom
422,423,mitter,\N,\N,Gerhard,Mitter,30/8/1935,German,http://en.wikipedia.org/wiki/Gerhard_Mitter,Germany
423,424,bussinello,\N,\N,Roberto,Bussinello,4/10/1927,Italian,http://en.wikipedia.org/wiki/Roberto_Bussinello,Italy
424,425,vaccarella,\N,\N,Nino,Vaccarella,4/3/1933,Italian,http://en.wikipedia.org/wiki/Nino_Vaccarella,Italy
425,426,bassi,\N,\N,Giorgio,Bassi,20/1/1934,Italian,http://en.wikipedia.org/wiki/Giorgio_Bassi,Italy
426,427,trintignant,\N,\N,Maurice,Trintignant,30/10/1917,French,http://en.wikipedia.org/wiki/Maurice_Trintignant,France
427,428,collomb,\N,\N,Bernard,Collomb,7/10/1930,French,http://en.wikipedia.org/wiki/Bernard_Collomb,France
428,429,andre_pilette,\N,\N,André,Pilette,6/10/1918,Belgian,http://en.wikipedia.org/wiki/Andr%C3%A9_Pilette,Belgium
429,430,beaufort,\N,\N,Carel Godin,de Beaufort,10/4/1934,Dutch,http://en.wikipedia.org/wiki/Carel_Godin_de_Beaufort,Netherlands
430,431,barth,\N,\N,Edgar,Barth,26/1/1917,German,http://en.wikipedia.org/wiki/Edgar_Barth,Germany
431,432,cabral,\N,\N,Mário de Araújo,Cabral,15/1/1934,Portuguese,http://en.wikipedia.org/wiki/Mario_de_Araujo_Cabral,Portugal
432,433,hansgen,\N,\N,Walt,Hansgen,28/10/1919,American,http://en.wikipedia.org/wiki/Walt_Hansgen,United States
433,434,sharp,\N,\N,Hap,Sharp,1/1/1928,American,http://en.wikipedia.org/wiki/Hap_Sharp,United States
434,435,mairesse,\N,\N,Willy,Mairesse,1/10/1928,Belgian,http://en.wikipedia.org/wiki/Willy_Mairesse,Belgium
435,436,campbell-jones,\N,\N,John,Campbell-Jones,21/1/1930,British,http://en.wikipedia.org/wiki/John_Campbell-Jones,United Kingdom
436,437,burgess,\N,\N,Ian,Burgess,6/7/1930,British,http://en.wikipedia.org/wiki/Ian_Burgess,United Kingdom
437,438,settember,\N,\N,Tony,Settember,10/7/1926,American,http://en.wikipedia.org/wiki/Tony_Settember,United States
438,439,estefano,\N,\N,Nasif,Estéfano,18/11/1932,Argentinean,http://en.wikipedia.org/wiki/Nasif_Est%C3%A9fano,Argentina
439,440,hall,\N,\N,Jim,Hall,23/7/1935,American,http://en.wikipedia.org/wiki/Jim_Hall_(race_car_driver),United States
440,441,parnell,\N,\N,Tim,Parnell,25/6/1932,British,http://en.wikipedia.org/wiki/Tim_Parnell,United Kingdom
441,442,kuhnke,\N,\N,Kurt,Kuhnke,30/4/1910,German,http://en.wikipedia.org/wiki/Kurt_Kuhnke,Germany
442,443,ernesto_brambilla,\N,\N,Ernesto,Brambilla,31/1/1934,Italian,http://en.wikipedia.org/wiki/Ernesto_Brambilla,Italy
443,444,lippi,\N,\N,Roberto,Lippi,17/10/1926,Italian,http://en.wikipedia.org/wiki/Roberto_Lippi,Italy
444,445,seiffert,\N,\N,Günther,Seiffert,18/10/1937,German,http://en.wikipedia.org/wiki/G%C3%BCnther_Seiffert,Germany
445,446,abate,\N,\N,Carlo,Abate,10/7/1932,Italian,http://en.wikipedia.org/wiki/Carlo_Mario_Abate,Italy
446,447,starrabba,\N,\N,Gaetano,Starrabba,3/12/1932,Italian,http://en.wikipedia.org/wiki/Gaetano_Starrabba,Italy
447,448,broeker,\N,\N,Peter,Broeker,15/5/1926,Canadian,http://en.wikipedia.org/wiki/Peter_Broeker,Canada
448,449,ward,\N,\N,Rodger,Ward,10/1/1921,American,http://en.wikipedia.org/wiki/Rodger_Ward,United States
449,450,vos,\N,\N,Ernie,de Vos,1/7/1941,Dutch,http://en.wikipedia.org/wiki/Ernie_de_Vos,Netherlands
450,451,dochnal,\N,\N,Frank,Dochnal,8/10/1920,American,http://en.wikipedia.org/wiki/Frank_Dochnal,United States
451,452,monarch,\N,\N,Thomas,Monarch,3/9/1945,American,http://en.wikipedia.org/wiki/Talk:1963_Mexican_Grand_Prix#Who_was_Thomas_Monarch.3F,United States
452,842,gasly,10,GAS,Pierre,Gasly,7/2/1996,French,http://en.wikipedia.org/wiki/Pierre_Gasly,France
453,453,lewis,\N,\N,Jackie,Lewis,1/11/1936,British,http://en.wikipedia.org/wiki/Jackie_Lewis,United Kingdom
454,454,ricardo_rodriguez,\N,\N,Ricardo,Rodríguez,14/2/1942,Mexican,http://en.wikipedia.org/wiki/Ricardo_Rodr%C3%ADguez_(Formula_One),Mexico
455,455,seidel,\N,\N,Wolfgang,Seidel,4/7/1926,German,http://en.wikipedia.org/wiki/Wolfgang_Seidel,Germany
456,456,salvadori,\N,\N,Roy,Salvadori,12/5/1922,British,http://en.wikipedia.org/wiki/Roy_Salvadori,United Kingdom
457,457,pon,\N,\N,Ben,Pon,9/12/1936,Dutch,http://en.wikipedia.org/wiki/Ben_Pon,Netherlands
458,458,slotemaker,\N,\N,Rob,Slotemaker,13/6/1929,Dutch,http://en.wikipedia.org/wiki/Rob_Slotemaker,Netherlands
459,459,marsh,\N,\N,Tony,Marsh,20/7/1931,British,http://en.wikipedia.org/wiki/Tony_Marsh_(racing_driver),United Kingdom
460,460,ashmore,\N,\N,Gerry,Ashmore,25/7/1936,British,http://en.wikipedia.org/wiki/Gerry_Ashmore,United Kingdom
461,461,schiller,\N,\N,Heinz,Schiller,25/1/1930,Swiss,http://en.wikipedia.org/wiki/Heinz_Schiller,Switzerland
462,462,davis,\N,\N,Colin,Davis,29/7/1933,British,http://en.wikipedia.org/wiki/Colin_Davis_(driver),United Kingdom
463,463,chamberlain,\N,\N,Jay,Chamberlain,29/12/1925,American,http://en.wikipedia.org/wiki/Jay_Chamberlain,United States
464,464,shelly,\N,\N,Tony,Shelly,2/2/1937,New Zealander,http://en.wikipedia.org/wiki/Tony_Shelly,New Zealand
465,465,greene,\N,\N,Keith,Greene,5/1/1938,British,http://en.wikipedia.org/wiki/Keith_Greene,United Kingdom
466,466,walter,\N,\N,Heini,Walter,28/7/1927,Swiss,http://en.wikipedia.org/wiki/Heini_Walter,Switzerland
467,467,prinoth,\N,\N,Ernesto,Prinoth,15/4/1923,Italian,http://en.wikipedia.org/wiki/Ernesto_Prinoth,Italy
468,468,penske,\N,\N,Roger,Penske,20/2/1937,American,http://en.wikipedia.org/wiki/Roger_Penske,United States
469,469,schroeder,\N,\N,Rob,Schroeder,11/5/1926,British,http://en.wikipedia.org/wiki/Rob_Schroeder,United Kingdom
470,470,mayer,\N,\N,Timmy,Mayer,22/2/1938,American,http://en.wikipedia.org/wiki/Timmy_Mayer,United States
471,471,johnstone,\N,\N,Bruce,Johnstone,30/1/1937,South African,http://en.wikipedia.org/wiki/Bruce_Johnstone_(racing_driver),South Africa
472,472,harris,\N,\N,Mike,Harris,25/5/1939,South African,http://en.wikipedia.org/wiki/Mike_Harris_(race_car_driver),South Africa
473,473,hocking,\N,\N,Gary,Hocking,30/9/1937,Zimbabwean,http://en.wikipedia.org/wiki/Gary_Hocking,Zimbabwe
474,474,vyver,\N,\N,Syd,van der Vyver,1/6/1920,South African,http://en.wikipedia.org/wiki/Syd_van_der_Vyver,South Africa
475,475,moss,\N,\N,Stirling,Moss,17/9/1929,British,http://en.wikipedia.org/wiki/Stirling_Moss,United Kingdom
476,476,trips,\N,\N,Wolfgang,von Trips,4/5/1928,German,http://en.wikipedia.org/wiki/Wolfgang_Graf_Berghe_von_Trips,Germany
477,477,allison,\N,\N,Cliff,Allison,8/2/1932,British,http://en.wikipedia.org/wiki/Cliff_Allison,United Kingdom
478,478,herrmann,\N,\N,Hans,Herrmann,23/2/1928,German,http://en.wikipedia.org/wiki/Hans_Herrmann,Germany
479,479,brooks,\N,\N,Tony,Brooks,25/2/1932,British,http://en.wikipedia.org/wiki/Tony_Brooks,United Kingdom
480,480,may,\N,\N,Michael,May,18/8/1934,Swiss,http://en.wikipedia.org/wiki/Michael_May_(racing_driver),Switzerland
481,481,henry_taylor,\N,\N,Henry,Taylor,16/12/1932,British,http://en.wikipedia.org/wiki/Henry_Taylor_(racing_driver),United Kingdom
482,482,gendebien,\N,\N,Olivier,Gendebien,12/1/1924,Belgian,http://en.wikipedia.org/wiki/Olivier_Gendebien,Belgium
483,483,scarlatti,\N,\N,Giorgio,Scarlatti,2/10/1921,Italian,http://en.wikipedia.org/wiki/Giorgio_Scarlatti,Italy
484,484,naylor,\N,\N,Brian,Naylor,24/3/1923,British,http://en.wikipedia.org/wiki/Brian_Naylor,United Kingdom
485,485,bordeu,\N,\N,Juan Manuel,Bordeu,28/1/1934,Argentinean,http://en.wikipedia.org/wiki/Juan_Manuel_Bordeu,Argentina
486,486,fairman,\N,\N,Jack,Fairman,15/3/1913,British,http://en.wikipedia.org/wiki/Jack_Fairman,United Kingdom
487,487,natili,\N,\N,Massimo,Natili,28/7/1935,Italian,http://en.wikipedia.org/wiki/Massimo_Natili,Italy
488,488,monteverdi,\N,\N,Peter,Monteverdi,7/6/1934,Swiss,http://en.wikipedia.org/wiki/Peter_Monteverdi,Switzerland
489,489,pirocchi,\N,\N,Renato,Pirocchi,26/3/1933,Italian,http://en.wikipedia.org/wiki/Renato_Pirocchi,Italy
490,490,duke,\N,\N,Geoff,Duke,29/3/1923,British,http://en.wikipedia.org/wiki/Geoff_Duke,United Kingdom
491,491,thiele,\N,\N,Alfonso,Thiele,5/4/1920,Italian,http://en.wikipedia.org/wiki/Alfonso_Thiele,Italy
492,492,boffa,\N,\N,Menato,Boffa,4/1/1930,Italian,http://en.wikipedia.org/wiki/Menato_Boffa,Italy
493,493,ryan,\N,\N,Peter,Ryan,10/6/1940,Canadian,http://en.wikipedia.org/wiki/Peter_Ryan_(driver),Canada
494,494,ruby,\N,\N,Lloyd,Ruby,12/1/1928,American,http://en.wikipedia.org/wiki/Lloyd_Ruby,United States
495,495,ken_miles,\N,\N,Ken,Miles,1/11/1918,British,http://en.wikipedia.org/wiki/Ken_Miles,United Kingdom
496,496,menditeguy,\N,\N,Carlos,Menditeguy,10/8/1914,Argentinean,http://en.wikipedia.org/wiki/Carlos_Menditeguy,Argentina
497,497,larreta,\N,\N,Alberto Rodriguez,Larreta,14/1/1934,Argentinean,http://en.wikipedia.org/wiki/Alberto_Rodriguez_Larreta,Argentina
498,498,gonzalez,\N,\N,José Froilán,González,5/10/1922,Argentinean,http://en.wikipedia.org/wiki/Jos%C3%A9_Froil%C3%A1n_Gonz%C3%A1lez,Argentina
499,499,bonomi,\N,\N,Roberto,Bonomi,30/9/1919,Argentinean,http://en.wikipedia.org/wiki/Roberto_Bonomi,Argentina
500,500,munaron,\N,\N,Gino,Munaron,2/4/1928,Italian,http://en.wikipedia.org/wiki/Gino_Munaron,Italy
501,501,schell,\N,\N,Harry,Schell,29/6/1921,American,http://en.wikipedia.org/wiki/Harry_Schell,United States
502,502,stacey,\N,\N,Alan,Stacey,29/8/1933,British,http://en.wikipedia.org/wiki/Alan_Stacey,United Kingdom
503,503,chimeri,\N,\N,Ettore,Chimeri,4/6/1921,Venezuelan,http://en.wikipedia.org/wiki/Ettore_Chimeri,Venezuela
504,504,creus,\N,\N,Antonio,Creus,28/10/1924,Spanish,http://en.wikipedia.org/wiki/Antonio_Creus,Spain
505,505,bristow,\N,\N,Chris,Bristow,2/12/1937,British,http://en.wikipedia.org/wiki/Chris_Bristow,United Kingdom
506,506,halford,\N,\N,Bruce,Halford,18/5/1931,British,http://en.wikipedia.org/wiki/Bruce_Halford,United Kingdom
507,507,daigh,\N,\N,Chuck,Daigh,29/11/1923,American,http://en.wikipedia.org/wiki/Chuck_Daigh,United States
508,508,reventlow,\N,\N,Lance,Reventlow,24/2/1936,American,http://en.wikipedia.org/wiki/Lance_Reventlow,United States
509,509,rathmann,\N,\N,Jim,Rathmann,16/7/1928,American,http://en.wikipedia.org/wiki/Jim_Rathmann,United States
510,510,goldsmith,\N,\N,Paul,Goldsmith,2/10/1925,American,http://en.wikipedia.org/wiki/Paul_Goldsmith,United States
511,511,branson,\N,\N,Don,Branson,2/6/1920,American,http://en.wikipedia.org/wiki/Don_Branson,United States
512,512,thomson,\N,\N,Johnny,Thomson,9/4/1922,American,http://en.wikipedia.org/wiki/Johnny_Thomson,United States
513,513,johnson,\N,\N,Eddie,Johnson,10/2/1919,American,http://en.wikipedia.org/wiki/Eddie_Johnson_(auto_racer),United States
514,514,veith,\N,\N,Bob,Veith,1/11/1926,American,http://en.wikipedia.org/wiki/Bob_Veith,United States
515,515,tingelstad,\N,\N,Bud,Tingelstad,4/4/1928,American,http://en.wikipedia.org/wiki/Bud_Tingelstad,United States
516,516,christie,\N,\N,Bob,Christie,4/4/1924,American,http://en.wikipedia.org/wiki/Bob_Christie_(racing_driver),United States
517,517,amick,\N,\N,Red,Amick,19/1/1929,American,http://en.wikipedia.org/wiki/Red_Amick,United States
518,518,darter,\N,\N,Duane,Carter,5/5/1913,American,http://en.wikipedia.org/wiki/Duane_Carter,United States
519,519,homeier,\N,\N,Bill,Homeier,31/8/1918,American,http://en.wikipedia.org/wiki/Bill_Homeier,United States
520,520,hartley,\N,\N,Gene,Hartley,28/1/1926,American,http://en.wikipedia.org/wiki/Gene_Hartley,United States
521,521,stevenson,\N,\N,Chuck,Stevenson,15/10/1919,American,http://en.wikipedia.org/wiki/Chuck_Stevenson,United States
522,522,grim,\N,\N,Bobby,Grim,4/9/1924,American,http://en.wikipedia.org/wiki/Bobby_Grim,United States
523,523,templeman,\N,\N,Shorty,Templeman,12/8/1919,American,http://en.wikipedia.org/wiki/Shorty_Templeman,United States
524,524,hurtubise,\N,\N,Jim,Hurtubise,5/12/1932,American,http://en.wikipedia.org/wiki/Jim_Hurtubise,United States
525,525,bryan,\N,\N,Jimmy,Bryan,28/1/1926,American,http://en.wikipedia.org/wiki/Jimmy_Bryan,United States
526,526,ruttman,\N,\N,Troy,Ruttman,11/3/1930,American,http://en.wikipedia.org/wiki/Troy_Ruttman,United States
527,527,sachs,\N,\N,Eddie,Sachs,28/5/1927,American,http://en.wikipedia.org/wiki/Eddie_Sachs,United States
528,528,freeland,\N,\N,Don,Freeland,25/3/1925,American,http://en.wikipedia.org/wiki/Don_Freeland,United States
529,529,bettenhausen,\N,\N,Tony,Bettenhausen,12/9/1916,American,http://en.wikipedia.org/wiki/Tony_Bettenhausen,United States
530,530,weiler,\N,\N,Wayne,Weiler,9/12/1934,American,http://en.wikipedia.org/wiki/Wayne_Weiler,United States
531,531,foyt,\N,\N,Anthony,Foyt,16/1/1935,American,http://en.wikipedia.org/wiki/A.J._Foyt,United States
532,532,russo,\N,\N,Eddie,Russo,19/11/1925,American,http://en.wikipedia.org/wiki/Eddie_Russo,United States
533,533,boyd,\N,\N,Johnny,Boyd,19/8/1926,American,http://en.wikipedia.org/wiki/Johnny_Boyd,United States
534,534,force,\N,\N,Gene,Force,15/6/1916,American,http://en.wikipedia.org/wiki/Gene_Force,United States
535,535,mcwithey,\N,\N,Jim,McWithey,4/7/1927,American,http://en.wikipedia.org/wiki/Jim_McWithey,United States
536,536,sutton,\N,\N,Len,Sutton,9/8/1925,American,http://en.wikipedia.org/wiki/Len_Sutton,United States
537,537,dick_rathmann,\N,\N,Dick,Rathmann,6/1/1924,American,http://en.wikipedia.org/wiki/Dick_Rathmann,United States
538,538,herman,\N,\N,Al,Herman,15/3/1927,American,http://en.wikipedia.org/wiki/Al_Herman,United States
539,539,dempsey_wilson,\N,\N,Dempsey,Wilson,11/3/1927,American,http://en.wikipedia.org/wiki/Dempsey_Wilson,United States
540,540,mike_taylor,\N,\N,Mike,Taylor,24/4/1934,British,http://en.wikipedia.org/wiki/Mike_Taylor_(driver),United Kingdom
541,541,flockhart,\N,\N,Ron,Flockhart,16/6/1923,British,http://en.wikipedia.org/wiki/Ron_Flockhart_(auto_racing),United Kingdom
542,542,piper,\N,\N,David,Piper,2/12/1930,British,http://en.wikipedia.org/wiki/David_Piper,United Kingdom
543,543,cabianca,\N,\N,Giulio,Cabianca,19/2/1923,Italian,http://en.wikipedia.org/wiki/Giulio_Cabianca,Italy
544,544,drogo,\N,\N,Piero,Drogo,8/8/1926,Italian,http://en.wikipedia.org/wiki/Piero_Drogo,Italy
545,545,gamble,\N,\N,Fred,Gamble,17/3/1932,American,http://en.wikipedia.org/wiki/Fred_Gamble_(racing_driver),United States
546,546,owen,\N,\N,Arthur,Owen,23/3/1915,British,http://en.wikipedia.org/wiki/Arthur_Owen,United Kingdom
547,547,gould,\N,\N,Horace,Gould,20/9/1918,British,http://en.wikipedia.org/wiki/Horace_Gould,United Kingdom
548,548,drake,\N,\N,Bob,Drake,14/12/1919,American,http://en.wikipedia.org/wiki/Bob_Drake_(Formula_One),United States
549,549,bueb,\N,\N,Ivor,Bueb,6/6/1923,British,http://en.wikipedia.org/wiki/Ivor_Bueb,United Kingdom
550,550,Changy,\N,\N,Alain,de Changy,5/2/1922,Belgian,http://en.wikipedia.org/wiki/Alain_de_Changy,Belgium
551,551,filippis,\N,\N,Maria,de Filippis,11/11/1926,Italian,http://en.wikipedia.org/wiki/Maria_Teresa_de_Filippis,Italy
552,552,lucienbonnet,\N,\N,Jean,Lucienbonnet,7/1/1923,French,http://en.wikipedia.org/wiki/Jean_Lucienbonnet,France
553,553,testut,\N,\N,André,Testut,13/4/1926,Monegasque,http://en.wikipedia.org/wiki/Andr%C3%A9_Testut,Monaco
554,554,behra,\N,\N,Jean,Behra,16/2/1921,French,http://en.wikipedia.org/wiki/Jean_Behra,France
555,555,paul_russo,\N,\N,Paul,Russo,10/4/1914,American,http://en.wikipedia.org/wiki/Paul_Russo,United States
556,556,daywalt,\N,\N,Jimmy,Daywalt,28/8/1924,American,http://en.wikipedia.org/wiki/Jimmy_Daywalt,United States
557,557,arnold,\N,\N,Chuck,Arnold,30/5/1926,American,http://en.wikipedia.org/wiki/Chuck_Arnold,United States
558,558,keller,\N,\N,Al,Keller,11/4/1920,American,http://en.wikipedia.org/wiki/Al_Keller,United States
559,559,flaherty,\N,\N,Pat,Flaherty,6/1/1926,American,http://en.wikipedia.org/wiki/Pat_Flaherty_(racing_driver),United States
560,560,cheesbourg,\N,\N,Bill,Cheesbourg,12/6/1927,American,http://en.wikipedia.org/wiki/Bill_Cheesbourg,United States
561,561,ray_crawford,\N,\N,Ray,Crawford,26/10/1915,American,http://en.wikipedia.org/wiki/Ray_Crawford,United States
562,562,turner,\N,\N,Jack,Turner,12/2/1920,American,http://en.wikipedia.org/wiki/Jack_Turner_(driver),United States
563,563,weyant,\N,\N,Chuck,Weyant,3/4/1923,American,http://en.wikipedia.org/wiki/Chuck_Weyant,United States
564,564,larson,\N,\N,Jud,Larson,21/1/1923,American,http://en.wikipedia.org/wiki/Jud_Larson,United States
565,565,magill,\N,\N,Mike,Magill,8/2/1920,American,http://en.wikipedia.org/wiki/Mike_Magill,United States
566,566,shelby,\N,\N,Carroll,Shelby,11/1/1923,American,http://en.wikipedia.org/wiki/Carroll_Shelby,United States
567,567,orey,\N,\N,Fritz,d'Orey,25/3/1938,Brazilian,http://en.wikipedia.org/wiki/Fritz_d%27Orey,Brazil
568,568,fontes,\N,\N,Azdrubal,Fontes,26/12/1922,Uruguayan,http://en.wikipedia.org/wiki/Azdrubal_Fontes,Uruguay
569,569,ashdown,\N,\N,Peter,Ashdown,16/10/1934,British,http://en.wikipedia.org/wiki/Peter_Ashdown,United Kingdom
570,570,bill_moss,\N,\N,Bill,Moss,4/9/1933,British,http://en.wikipedia.org/wiki/Bill_Moss_(racing_driver),United Kingdom
571,571,dennis_taylor,\N,\N,Dennis,Taylor,12/6/1921,British,http://en.wikipedia.org/wiki/Dennis_Taylor_(racing_driver),United Kingdom
572,572,blanchard,\N,\N,Harry,Blanchard,13/6/1929,American,http://en.wikipedia.org/wiki/Harry_Blanchard,United States
573,573,tomaso,\N,\N,Alessandro,de Tomaso,10/7/1928,Italian,http://en.wikipedia.org/wiki/Alessandro_de_Tomaso,Italy
574,574,constantine,\N,\N,George,Constantine,22/2/1918,American,http://en.wikipedia.org/wiki/George_Constantine,United States
575,575,said,\N,\N,Bob,Said,5/5/1932,American,http://en.wikipedia.org/wiki/Bob_Said,United States
576,576,cade,\N,\N,Phil,Cade,12/6/1916,American,http://en.wikipedia.org/wiki/Phil_Cade,United States
577,577,musso,\N,\N,Luigi,Musso,28/7/1924,Italian,http://en.wikipedia.org/wiki/Luigi_Musso,Italy
578,578,hawthorn,\N,\N,Mike,Hawthorn,10/4/1929,British,http://en.wikipedia.org/wiki/Mike_Hawthorn,United Kingdom
579,579,fangio,\N,\N,Juan,Fangio,24/6/1911,Argentinean,http://en.wikipedia.org/wiki/Juan_Manuel_Fangio,Argentina
580,580,godia,\N,\N,Paco,Godia,21/3/1921,Spanish,http://en.wikipedia.org/wiki/Paco_Godia,Spain
581,581,collins,\N,\N,Peter,Collins,6/11/1931,British,http://en.wikipedia.org/wiki/Peter_Collins_(racing_driver),United Kingdom
582,582,kavanagh,\N,\N,Ken,Kavanagh,12/12/1923,Australian,http://en.wikipedia.org/wiki/Ken_Kavanagh,Australia
583,583,gerini,\N,\N,Gerino,Gerini,10/8/1928,Italian,http://en.wikipedia.org/wiki/Gerino_Gerini_(racing_driver),Italy
584,584,kessler,\N,\N,Bruce,Kessler,23/3/1936,American,http://en.wikipedia.org/wiki/Bruce_Kessler,United States
585,585,emery,\N,\N,Paul,Emery,12/11/1916,British,http://en.wikipedia.org/wiki/Paul_Emery,United Kingdom
586,586,piotti,\N,\N,Luigi,Piotti,27/10/1913,Italian,http://en.wikipedia.org/wiki/Luigi_Piotti,Italy
587,587,ecclestone,\N,\N,Bernie,Ecclestone,28/10/1930,British,http://en.wikipedia.org/wiki/Bernie_Ecclestone,United Kingdom
588,588,taramazzo,\N,\N,Luigi,Taramazzo,5/5/1932,Italian,http://en.wikipedia.org/wiki/Luigi_Taramazzo,Italy
589,589,chiron,\N,\N,Louis,Chiron,1899-08-03,Monegasque,http://en.wikipedia.org/wiki/Louis_Chiron,Monaco
590,590,lewis-evans,\N,\N,Stuart,Lewis-Evans,20/4/1930,British,http://en.wikipedia.org/wiki/Stuart_Lewis-Evans,United Kingdom
591,591,george_amick,\N,\N,George,Amick,24/10/1924,American,http://en.wikipedia.org/wiki/George_Amick,United States
592,592,reece,\N,\N,Jimmy,Reece,17/11/1929,American,http://en.wikipedia.org/wiki/Jimmy_Reece,United States
593,593,parsons,\N,\N,Johnnie,Parsons,4/7/1918,American,http://en.wikipedia.org/wiki/Johnnie_Parsons,United States
594,594,tolan,\N,\N,Johnnie,Tolan,22/10/1917,American,http://en.wikipedia.org/wiki/Johnnie_Tolan,United States
595,595,garrett,\N,\N,Billy,Garrett,24/4/1933,American,http://en.wikipedia.org/wiki/Billy_Garrett,United States
596,596,elisian,\N,\N,Ed,Elisian,9/12/1926,American,http://en.wikipedia.org/wiki/Ed_Elisian,United States
597,597,connor,\N,\N,Pat,O'Connor,9/10/1928,American,http://en.wikipedia.org/wiki/Pat_O%27Connor_(auto_racer),United States
598,598,jerry_unser,\N,\N,Jerry,Unser,15/11/1932,American,http://en.wikipedia.org/wiki/Jerry_Unser,United States
599,599,bisch,\N,\N,Art,Bisch,10/11/1926,American,http://en.wikipedia.org/wiki/Art_Bisch,United States
600,600,goethals,\N,\N,Christian,Goethals,4/8/1928,Belgian,http://en.wikipedia.org/wiki/Christian_Goethals,Belgium
601,601,gibson,\N,\N,Dick,Gibson,16/4/1918,British,http://en.wikipedia.org/wiki/Dick_Gibson,United Kingdom
602,602,la_caze,\N,\N,Robert,La Caze,26/2/1917,French,http://en.wikipedia.org/wiki/Robert_La_Caze,France
603,603,guelfi,\N,\N,André,Guelfi,6/5/1919,French,http://en.wikipedia.org/wiki/Andr%C3%A9_Guelfi,France
604,604,picard,\N,\N,François,Picard,26/4/1921,French,http://en.wikipedia.org/wiki/Fran%C3%A7ois_Picard,France
605,605,bridger,\N,\N,Tom,Bridger,24/6/1934,British,http://en.wikipedia.org/wiki/Tom_Bridger,United Kingdom
606,606,portago,\N,\N,Alfonso,de Portago,11/10/1928,Spanish,http://en.wikipedia.org/wiki/Alfonso_de_Portago,Spain
607,607,perdisa,\N,\N,Cesare,Perdisa,21/10/1932,Italian,http://en.wikipedia.org/wiki/Cesare_Perdisa,Italy
608,608,castellotti,\N,\N,Eugenio,Castellotti,10/10/1930,Italian,http://en.wikipedia.org/wiki/Eugenio_Castellotti,Italy
609,609,simon,\N,\N,André,Simon,5/1/1920,French,http://en.wikipedia.org/wiki/Andr%C3%A9_Simon_(racing_driver),France
610,610,leston,\N,\N,Les,Leston,16/12/1920,British,http://en.wikipedia.org/wiki/Les_Leston,United Kingdom
611,611,hanks,\N,\N,Sam,Hanks,13/7/1914,American,http://en.wikipedia.org/wiki/Sam_Hanks,United States
612,612,linden,\N,\N,Andy,Linden,5/4/1922,American,http://en.wikipedia.org/wiki/Andy_Linden_(racing_driver),United States
613,613,teague,\N,\N,Marshall,Teague,22/2/1921,American,http://en.wikipedia.org/wiki/Marshall_Teague_(racing_driver),United States
614,614,edmunds,\N,\N,Don,Edmunds,23/9/1930,American,http://en.wikipedia.org/wiki/Don_Edmunds,United States
615,615,agabashian,\N,\N,Fred,Agabashian,21/8/1913,American,http://en.wikipedia.org/wiki/Fred_Agabashian,United States
616,616,george,\N,\N,Elmer,George,15/7/1928,American,http://en.wikipedia.org/wiki/Elmer_George,United States
617,617,macdowel,\N,\N,Mike,MacDowel,13/9/1932,British,http://en.wikipedia.org/wiki/Mike_MacDowel,United Kingdom
618,618,mackay-fraser,\N,\N,Herbert,MacKay-Fraser,23/6/1927,American,http://en.wikipedia.org/wiki/Herbert_MacKay-Fraser,United States
619,619,gerard,\N,\N,Bob,Gerard,19/1/1914,British,http://en.wikipedia.org/wiki/Bob_Gerard,United Kingdom
620,620,maglioli,\N,\N,Umberto,Maglioli,5/6/1928,Italian,http://en.wikipedia.org/wiki/Umberto_Maglioli,Italy
621,621,england,\N,\N,Paul,England,28/3/1929,Australian,http://en.wikipedia.org/wiki/Paul_England,Australia
622,622,landi,\N,\N,Chico,Landi,14/7/1907,Brazilian,http://en.wikipedia.org/wiki/Chico_Landi,Brazil
623,623,uria,\N,\N,Alberto,Uria,11/7/1924,Uruguayan,http://en.wikipedia.org/wiki/Alberto_Uria,Uruguay
624,624,ramos,\N,\N,Hernando,da Silva Ramos,7/12/1925,Brazilian,http://en.wikipedia.org/wiki/Hernando_da_Silva_Ramos,Brazil
625,625,bayol,\N,\N,Élie,Bayol,28/2/1914,French,http://en.wikipedia.org/wiki/%C3%89lie_Bayol,France
626,626,manzon,\N,\N,Robert,Manzon,12/4/1917,French,http://en.wikipedia.org/wiki/Robert_Manzon,France
627,627,rosier,\N,\N,Louis,Rosier,5/11/1905,French,http://en.wikipedia.org/wiki/Louis_Rosier,France
628,628,sweikert,\N,\N,Bob,Sweikert,20/5/1926,American,http://en.wikipedia.org/wiki/Bob_Sweikert,United States
629,629,griffith,\N,\N,Cliff,Griffith,6/2/1916,American,http://en.wikipedia.org/wiki/Cliff_Griffith,United States
630,630,dinsmore,\N,\N,Duke,Dinsmore,10/4/1913,American,http://en.wikipedia.org/wiki/Duke_Dinsmore,United States
631,631,andrews,\N,\N,Keith,Andrews,15/6/1920,American,http://en.wikipedia.org/wiki/Keith_Andrews_(driver),United States
632,632,frere,\N,\N,Paul,Frère,30/1/1917,Belgian,http://en.wikipedia.org/wiki/Paul_Fr%C3%A8re,Belgium
633,633,villoresi,\N,\N,Luigi,Villoresi,16/5/1909,Italian,http://en.wikipedia.org/wiki/Luigi_Villoresi,Italy
634,634,scotti,\N,\N,Piero,Scotti,11/11/1909,Italian,http://en.wikipedia.org/wiki/Piero_Scotti,Italy
635,635,chapman,\N,\N,Colin,Chapman,19/5/1928,British,http://en.wikipedia.org/wiki/Colin_Chapman,United Kingdom
636,636,titterington,\N,\N,Desmond,Titterington,1/5/1928,British,http://en.wikipedia.org/wiki/Desmond_Titterington,United Kingdom
637,637,scott_Brown,\N,\N,Archie,Scott Brown,13/5/1927,British,http://en.wikipedia.org/wiki/Archie_Scott_Brown,United Kingdom
638,638,volonterio,\N,\N,Ottorino,Volonterio,7/12/1917,Swiss,http://en.wikipedia.org/wiki/Ottorino_Volonterio,Switzerland
639,639,milhoux,\N,\N,André,Milhoux,9/12/1928,Belgian,http://en.wikipedia.org/wiki/Andr%C3%A9_Milhoux,Belgium
640,640,graffenried,\N,\N,Toulo,de Graffenried,18/5/1914,Swiss,http://en.wikipedia.org/wiki/Toulo_de_Graffenried,Switzerland
641,641,taruffi,\N,\N,Piero,Taruffi,12/10/1906,Italian,http://en.wikipedia.org/wiki/Piero_Taruffi,Italy
642,642,farina,\N,\N,Nino,Farina,30/10/1906,Italian,http://en.wikipedia.org/wiki/Nino_Farina,Italy
643,643,mieres,\N,\N,Roberto,Mieres,3/12/1924,Argentinean,http://en.wikipedia.org/wiki/Roberto_Mieres,Argentina
644,644,mantovani,\N,\N,Sergio,Mantovani,22/5/1929,Italian,http://en.wikipedia.org/wiki/Sergio_Mantovani,Italy
645,645,bucci,\N,\N,Clemar,Bucci,4/9/1920,Argentinean,http://en.wikipedia.org/wiki/Clemar_Bucci,Argentina
646,646,iglesias,\N,\N,Jesús,Iglesias,22/2/1922,Argentinean,http://en.wikipedia.org/wiki/Jes%C3%BAs_Iglesias,Argentina
647,647,ascari,\N,\N,Alberto,Ascari,13/7/1918,Italian,http://en.wikipedia.org/wiki/Alberto_Ascari,Italy
648,648,kling,\N,\N,Karl,Kling,16/9/1910,German,http://en.wikipedia.org/wiki/Karl_Kling,Germany
649,649,birger,\N,\N,Pablo,Birger,7/1/1924,Argentinean,http://en.wikipedia.org/wiki/Pablo_Birger,Argentina
650,650,pollet,\N,\N,Jacques,Pollet,2/7/1922,French,http://en.wikipedia.org/wiki/Jacques_Pollet,France
651,651,macklin,\N,\N,Lance,Macklin,2/9/1919,British,http://en.wikipedia.org/wiki/Lance_Macklin,United Kingdom
652,652,whiteaway,\N,\N,Ted,Whiteaway,1/11/1928,British,http://en.wikipedia.org/wiki/Ted_Whiteaway,United Kingdom
653,653,davies,\N,\N,Jimmy,Davies,8/8/1929,American,http://en.wikipedia.org/wiki/Jimmy_Davies,United States
654,654,faulkner,\N,\N,Walt,Faulkner,16/2/1920,American,http://en.wikipedia.org/wiki/Walt_Faulkner,United States
655,655,niday,\N,\N,Cal,Niday,29/4/1914,American,http://en.wikipedia.org/wiki/Cal_Niday,United States
656,656,cross,\N,\N,Art,Cross,24/1/1918,American,http://en.wikipedia.org/wiki/Art_Cross,United States
657,657,vukovich,\N,\N,Bill,Vukovich,13/12/1918,American,http://en.wikipedia.org/wiki/Bill_Vukovich,United States
658,658,mcgrath,\N,\N,Jack,McGrath,8/10/1919,American,http://en.wikipedia.org/wiki/Jack_McGrath_(racing_driver),United States
659,659,hoyt,\N,\N,Jerry,Hoyt,29/1/1929,American,http://en.wikipedia.org/wiki/Jerry_Hoyt,United States
660,660,claes,\N,\N,Johnny,Claes,11/8/1916,Belgian,http://en.wikipedia.org/wiki/Johnny_Claes,Belgium
661,661,peter_walker,\N,\N,Peter,Walker,7/10/1912,British,http://en.wikipedia.org/wiki/Peter_Walker_(driver),United Kingdom
662,662,sparken,\N,\N,Mike,Sparken,16/6/1930,French,http://en.wikipedia.org/wiki/Mike_Sparken,France
663,663,wharton,\N,\N,Ken,Wharton,21/3/1916,British,http://en.wikipedia.org/wiki/Ken_Wharton,United Kingdom
664,664,mcalpine,\N,\N,Kenneth,McAlpine,21/9/1920,British,http://en.wikipedia.org/wiki/Kenneth_McAlpine,United Kingdom
665,665,marr,\N,\N,Leslie,Marr,14/8/1922,British,http://en.wikipedia.org/wiki/Leslie_Marr,United Kingdom
666,666,rolt,\N,\N,Tony,Rolt,16/10/1918,British,http://en.wikipedia.org/wiki/Tony_Rolt,United Kingdom
667,667,fitch,\N,\N,John,Fitch,4/8/1917,American,http://en.wikipedia.org/wiki/John_Fitch_(driver),United States
668,668,lucas,\N,\N,Jean,Lucas,25/4/1917,French,http://en.wikipedia.org/wiki/Jean_Lucas,France
669,669,bira,\N,\N,Prince,Bira,15/7/1914,Thai,http://en.wikipedia.org/wiki/Prince_Bira,Thailand
670,670,marimon,\N,\N,Onofre,Marimón,19/12/1923,Argentinean,http://en.wikipedia.org/wiki/Onofre_Marim%C3%B3n,Argentina
671,671,loyer,\N,\N,Roger,Loyer,5/8/1907,French,http://en.wikipedia.org/wiki/Roger_Loyer,France
672,672,daponte,\N,\N,Jorge,Daponte,5/6/1923,Argentinean,http://en.wikipedia.org/wiki/Jorge_Daponte,Argentina
673,673,nazaruk,\N,\N,Mike,Nazaruk,2/10/1921,American,http://en.wikipedia.org/wiki/Mike_Nazaruk,United States
674,674,crockett,\N,\N,Larry,Crockett,23/10/1926,American,http://en.wikipedia.org/wiki/Larry_Crockett,United States
675,675,ayulo,\N,\N,Manny,Ayulo,20/10/1921,American,http://en.wikipedia.org/wiki/Manny_Ayulo,United States
676,676,armi,\N,\N,Frank,Armi,12/10/1918,American,http://en.wikipedia.org/wiki/Frank_Armi,United States
677,677,webb,\N,\N,Travis,Webb,8/10/1910,American,http://en.wikipedia.org/wiki/Travis_Webb,United States
678,678,duncan,\N,\N,Len,Duncan,25/7/1911,American,http://en.wikipedia.org/wiki/Len_Duncan,United States
679,679,mccoy,\N,\N,Ernie,McCoy,19/2/1921,American,http://en.wikipedia.org/wiki/Ernie_McCoy,United States
680,680,swaters,\N,\N,Jacques,Swaters,30/10/1926,American,http://en.wikipedia.org/wiki/Jacques_Swaters,United States
681,681,georges_berger,\N,\N,Georges,Berger,14/9/1918,Belgian,http://en.wikipedia.org/wiki/Georges_Berger,Belgium
682,682,beauman,\N,\N,Don,Beauman,26/7/1928,British,http://en.wikipedia.org/wiki/Don_Beauman,United Kingdom
683,683,thorne,\N,\N,Leslie,Thorne,23/6/1916,British,http://en.wikipedia.org/wiki/Leslie_Thorne,United Kingdom
684,684,whitehouse,\N,\N,Bill,Whitehouse,1/4/1909,British,http://en.wikipedia.org/wiki/Bill_Whitehouse,United Kingdom
685,685,riseley_prichard,\N,\N,John,Riseley-Prichard,17/1/1924,British,http://en.wikipedia.org/wiki/John_Riseley-Prichard,United Kingdom
686,686,reg_parnell,\N,\N,Reg,Parnell,2/7/1911,British,http://en.wikipedia.org/wiki/Reg_Parnell,United Kingdom
687,687,whitehead,\N,\N,Peter,Whitehead,12/11/1914,British,http://en.wikipedia.org/wiki/Peter_Whitehead_(racing_driver),United Kingdom
688,688,brandon,\N,\N,Eric,Brandon,18/7/1920,British,http://en.wikipedia.org/wiki/Eric_Brandon,United Kingdom
689,689,alan_brown,\N,\N,Alan,Brown,20/11/1919,British,http://en.wikipedia.org/wiki/Alan_Brown_(racing_driver),United Kingdom
690,690,nuckey,\N,\N,Rodney,Nuckey,26/6/1929,British,http://en.wikipedia.org/wiki/Rodney_Nuckey,United Kingdom
691,691,lang,\N,\N,Hermann,Lang,6/4/1909,German,http://en.wikipedia.org/wiki/Hermann_Lang,Germany
692,692,helfrich,\N,\N,Theo,Helfrich,13/5/1913,German,http://en.wikipedia.org/wiki/Theo_Helfrich,Germany
693,693,wacker,\N,\N,Fred,Wacker,10/7/1918,American,http://en.wikipedia.org/wiki/Fred_Wacker,United States
694,694,riu,\N,\N,Giovanni,de Riu,10/3/1925,Italian,http://en.wikipedia.org/wiki/Giovanni_de_Riu,Italy
695,695,galvez,\N,\N,Oscar,Gálvez,17/8/1913,Argentinean,http://en.wikipedia.org/wiki/%C3%93scar_Alfredo_G%C3%A1lvez,Argentina
696,696,john_barber,\N,\N,John,Barber,22/7/1929,British,http://en.wikipedia.org/wiki/John_Barber_(racing_driver),United Kingdom
697,697,bonetto,\N,\N,Felice,Bonetto,9/6/1903,Italian,http://en.wikipedia.org/wiki/Felice_Bonetto,Italy
698,698,cruz,\N,\N,Adolfo,Cruz,28/6/1923,Argentinean,http://en.wikipedia.org/wiki/Adolfo_Schewelm_Cruz,Argentina
699,699,nalon,\N,\N,Duke,Nalon,2/3/1913,American,http://en.wikipedia.org/wiki/Duke_Nalon,United States
700,700,scarborough,\N,\N,Carl,Scarborough,3/7/1914,American,http://en.wikipedia.org/wiki/Carl_Scarborough,United States
701,701,holland,\N,\N,Bill,Holland,18/12/1907,American,http://en.wikipedia.org/wiki/Bill_Holland,United States
702,702,bob_scott,\N,\N,Bob,Scott,4/10/1928,American,http://en.wikipedia.org/wiki/Bob_Scott_(auto_racer),United States
703,703,legat,\N,\N,Arthur,Legat,1898-11-01,Belgian,http://en.wikipedia.org/wiki/Arthur_Legat,Belgium
704,704,cabantous,\N,\N,Yves,Cabantous,8/10/1904,French,http://en.wikipedia.org/wiki/Yves_Giraud_Cabantous,France
705,705,crook,\N,\N,Tony,Crook,16/2/1920,British,http://en.wikipedia.org/wiki/Tony_Crook,United Kingdom
706,706,jimmy_stewart,\N,\N,Jimmy,Stewart,6/3/1931,British,http://en.wikipedia.org/wiki/Jimmy_Stewart_(racing_driver),United Kingdom
707,707,ian_stewart,\N,\N,Ian,Stewart,15/7/1929,British,http://en.wikipedia.org/wiki/Ian_Stewart_(racing_driver),United Kingdom
708,708,duncan_hamilton,\N,\N,Duncan,Hamilton,30/4/1920,British,http://en.wikipedia.org/wiki/Duncan_Hamilton_(racing_driver),United Kingdom
709,709,klodwig,\N,\N,Ernst,Klodwig,23/5/1903,German,http://en.wikipedia.org/wiki/Ernst_Klodwig,Germany
710,710,krause,\N,\N,Rudolf,Krause,30/3/1907,German,http://en.wikipedia.org/wiki/Rudolf_Krause,Germany
711,711,karch,\N,\N,Oswald,Karch,6/3/1917,German,http://en.wikipedia.org/wiki/Oswald_Karch,Germany
712,712,heeks,\N,\N,Willi,Heeks,13/2/1922,German,http://en.wikipedia.org/wiki/Willi_Heeks,Germany
713,713,fitzau,\N,\N,Theo,Fitzau,10/2/1923,German,http://en.wikipedia.org/wiki/Theo_Fitzau,Germany
714,714,adolff,\N,\N,Kurt,Adolff,5/11/1921,German,http://en.wikipedia.org/wiki/Kurt_Adolff,Germany
715,715,bechem,\N,\N,Günther,Bechem,21/12/1921,German,http://en.wikipedia.org/wiki/G%C3%BCnther_Bechem,Germany
716,716,bauer,\N,\N,Erwin,Bauer,17/7/1912,German,http://en.wikipedia.org/wiki/Erwin_Bauer,Germany
717,717,hans_stuck,\N,\N,Hans,von Stuck,27/12/1900,German,http://en.wikipedia.org/wiki/Hans_Von_Stuck,Germany
718,718,loof,\N,\N,Ernst,Loof,4/7/1907,German,http://en.wikipedia.org/wiki/Ernst_Loof,Germany
719,719,scherrer,\N,\N,Albert,Scherrer,28/2/1908,Swiss,http://en.wikipedia.org/wiki/Albert_Scherrer,Switzerland
720,720,terra,\N,\N,Max,de Terra,6/10/1918,Swiss,http://en.wikipedia.org/wiki/Max_de_Terra,Switzerland
721,721,hirt,\N,\N,Peter,Hirt,30/3/1910,Swiss,http://en.wikipedia.org/wiki/Peter_Hirt,Switzerland
722,722,carini,\N,\N,Piero,Carini,6/3/1921,Italian,http://en.wikipedia.org/wiki/Piero_Carini,Italy
723,723,fischer,\N,\N,Rudi,Fischer,19/4/1912,Swiss,http://en.wikipedia.org/wiki/Rudi_Fischer,Switzerland
724,724,ulmen,\N,\N,Toni,Ulmen,25/1/1906,German,http://en.wikipedia.org/wiki/Toni_Ulmen,Germany
725,725,abecassis,\N,\N,George,Abecassis,21/3/1913,British,http://en.wikipedia.org/wiki/George_Abecassis,United Kingdom
726,726,george_connor,\N,\N,George,Connor,16/8/1906,American,http://en.wikipedia.org/wiki/George_Connor_(driver),United States
727,727,rigsby,\N,\N,Jim,Rigsby,6/6/1923,American,http://en.wikipedia.org/wiki/Jim_Rigsby,United States
728,728,james,\N,\N,Joe,James,23/5/1925,American,http://en.wikipedia.org/wiki/Joe_James_(racing_driver),United States
729,729,schindler,\N,\N,Bill,Schindler,6/3/1909,American,http://en.wikipedia.org/wiki/Bill_Schindler,United States
730,730,fonder,\N,\N,George,Fonder,22/6/1917,American,http://en.wikipedia.org/wiki/George_Fonder,United States
731,731,banks,\N,\N,Henry,Banks,14/6/1913,American,http://en.wikipedia.org/wiki/Henry_Banks,United States
732,732,mcdowell,\N,\N,Johnny,McDowell,29/1/1915,American,http://en.wikipedia.org/wiki/Johnny_McDowell,United States
733,733,miller,\N,\N,Chet,Miller,19/7/1902,American,http://en.wikipedia.org/wiki/Chet_Miller,United States
734,734,ball,\N,\N,Bobby,Ball,26/8/1925,American,http://en.wikipedia.org/wiki/Bobby_Ball_(auto_racer),United States
735,735,tornaco,\N,\N,Charles,de Tornaco,7/6/1927,Belgian,http://en.wikipedia.org/wiki/Charles_de_Tornaco,Belgium
736,736,laurent,\N,\N,Roger,Laurent,21/2/1913,Belgian,http://en.wikipedia.org/wiki/Roger_Laurent,Belgium
737,737,obrien,\N,\N,Robert,O'Brien,11/4/1908,American,http://en.wikipedia.org/wiki/Robert_O%27Brien_(auto_racer),United States
738,738,gaze,\N,\N,Tony,Gaze,3/2/1920,Australian,http://en.wikipedia.org/wiki/Tony_Gaze,Australia
739,739,charrington,\N,\N,Robin,Montgomerie-Charrington,23/6/1915,British,http://en.wikipedia.org/wiki/Robin_Montgomerie-Charrington,United Kingdom
740,740,comotti,\N,\N,Franco,Comotti,24/7/1906,Italian,http://en.wikipedia.org/wiki/Franco_Comotti,Italy
741,741,etancelin,\N,\N,Philippe,Étancelin,1896-12-28,French,http://en.wikipedia.org/wiki/Philippe_%C3%89tancelin,France
742,742,poore,\N,\N,Dennis,Poore,19/8/1916,British,http://en.wikipedia.org/wiki/Dennis_Poore,United Kingdom
743,743,thompson,\N,\N,Eric,Thompson,4/11/1919,British,http://en.wikipedia.org/wiki/Eric_Thompson_(racing_driver),United Kingdom
744,744,downing,\N,\N,Ken,Downing,5/12/1917,British,http://en.wikipedia.org/wiki/Ken_Downing,United Kingdom
745,745,graham_whitehead,\N,\N,Graham,Whitehead,15/4/1922,British,http://en.wikipedia.org/wiki/Graham_Whitehead,United Kingdom
746,746,bianco,\N,\N,Gino,Bianco,22/7/1916,Brazilian,http://en.wikipedia.org/wiki/Gino_Bianco,Brazil
747,747,murray,\N,\N,David,Murray,28/12/1909,British,http://en.wikipedia.org/wiki/David_Murray_(driver),United Kingdom
748,748,cantoni,\N,\N,Eitel,Cantoni,4/10/1906,Uruguayan,http://en.wikipedia.org/wiki/Eitel_Cantoni,Uruguay
749,749,aston,\N,\N,Bill,Aston,29/3/1900,British,http://en.wikipedia.org/wiki/Bill_Aston,United Kingdom
750,750,brudes,\N,\N,Adolf,Brudes,1899-10-15,German,http://en.wikipedia.org/wiki/Adolf_Brudes,Germany
751,751,riess,\N,\N,Fritz,Riess,11/7/1922,German,http://en.wikipedia.org/wiki/Fritz_Riess,Germany
752,752,niedermayr,\N,\N,Helmut,Niedermayr,29/11/1915,German,http://en.wikipedia.org/wiki/Helmut_Niedermayr,Germany
753,753,klenk,\N,\N,Hans,Klenk,28/10/1919,German,http://en.wikipedia.org/wiki/Hans_Klenk,Germany
754,754,balsa,\N,\N,Marcel,Balsa,1/1/1909,French,http://en.wikipedia.org/wiki/Marcel_Balsa,France
755,755,schoeller,\N,\N,Rudolf,Schoeller,27/4/1902,Swiss,http://en.wikipedia.org/wiki/Rudolf_Schoeller,Switzerland
756,756,pietsch,\N,\N,Paul,Pietsch,20/6/1911,German,http://en.wikipedia.org/wiki/Paul_Pietsch,Germany
757,757,peters,\N,\N,Josef,Peters,16/9/1914,German,http://en.wikipedia.org/wiki/Josef_Peters_(driver),Germany
758,758,lof,\N,\N,Dries,van der Lof,23/8/1919,Dutch,http://en.wikipedia.org/wiki/Dries_van_der_Lof,Netherlands
759,759,flinterman,\N,\N,Jan,Flinterman,2/10/1919,Dutch,http://en.wikipedia.org/wiki/Jan_Flinterman,Netherlands
760,760,dusio,\N,\N,Piero,Dusio,1899-10-13,Italian,http://en.wikipedia.org/wiki/Piero_Dusio,Italy
761,761,crespo,\N,\N,Alberto,Crespo,16/1/1920,Argentinean,http://en.wikipedia.org/wiki/Alberto_Crespo,Argentina
762,762,rol,\N,\N,Franco,Rol,5/6/1908,Italian,http://en.wikipedia.org/wiki/Franco_Rol,Italy
763,763,sanesi,\N,\N,Consalvo,Sanesi,28/3/1911,Italian,http://en.wikipedia.org/wiki/Consalvo_Sanesi,Italy
764,764,guy_mairesse,\N,\N,Guy,Mairesse,10/8/1910,French,http://en.wikipedia.org/wiki/Guy_Mairesse,France
765,765,louveau,\N,\N,Henri,Louveau,25/1/1910,French,http://en.wikipedia.org/wiki/Henri_Louveau,France
766,766,wallard,\N,\N,Lee,Wallard,7/9/1910,American,http://en.wikipedia.org/wiki/Lee_Wallard,United States
767,767,forberg,\N,\N,Carl,Forberg,4/3/1911,American,http://en.wikipedia.org/wiki/Carl_Forberg,United States
768,768,rose,\N,\N,Mauri,Rose,26/5/1906,American,http://en.wikipedia.org/wiki/Mauri_Rose,United States
769,769,mackey,\N,\N,Bill,Mackey,15/12/1927,American,http://en.wikipedia.org/wiki/Bill_Mackey,United States
770,770,green,\N,\N,Cecil,Green,30/9/1919,American,http://en.wikipedia.org/wiki/Cecil_Green,United States
771,771,walt_brown,\N,\N,Walt,Brown,30/12/1911,American,http://en.wikipedia.org/wiki/Walt_Brown_(auto_racer),United States
772,772,hellings,\N,\N,Mack,Hellings,14/9/1915,American,http://en.wikipedia.org/wiki/Mack_Hellings,United States
773,773,levegh,\N,\N,Pierre,Levegh,22/12/1905,French,http://en.wikipedia.org/wiki/Pierre_Levegh,France
774,774,chaboud,\N,\N,Eugène,Chaboud,12/4/1907,French,http://en.wikipedia.org/wiki/Eug%C3%A8ne_Chaboud,France
775,775,gordini,\N,\N,Aldo,Gordini,20/5/1921,French,http://en.wikipedia.org/wiki/Aldo_Gordini,France
776,776,kelly,\N,\N,Joe,Kelly,13/3/1913,Irish,http://en.wikipedia.org/wiki/Joe_Kelly_(Formula_One),Ireland
777,777,parker,\N,\N,Philip,Fotheringham-Parker,22/9/1907,British,http://en.wikipedia.org/wiki/Philip_Fotheringham-Parker,United Kingdom
778,778,shawe_taylor,\N,\N,Brian,Shawe Taylor,28/1/1915,British,http://en.wikipedia.org/wiki/Brian_Shawe_Taylor,United Kingdom
779,779,john_james,\N,\N,John,James,10/5/1914,British,http://en.wikipedia.org/wiki/John_James_(auto_racer),United Kingdom
780,780,branca,\N,\N,Toni,Branca,15/9/1916,Swiss,http://en.wikipedia.org/wiki/Toni_Branca,Switzerland
781,781,richardson,\N,\N,Ken,Richardson,21/8/1911,British,http://en.wikipedia.org/wiki/Ken_Richardson_(race_car_driver),United Kingdom
782,782,jover,\N,\N,Juan,Jover,23/11/1903,Spanish,http://en.wikipedia.org/wiki/Juan_Jover,Spain
783,783,grignard,\N,\N,Georges,Grignard,25/7/1905,French,http://en.wikipedia.org/wiki/Georges_Grignard,France
784,784,hampshire,\N,\N,David,Hampshire,29/12/1917,British,http://en.wikipedia.org/wiki/David_Hampshire,United Kingdom
785,785,crossley,\N,\N,Geoff,Crossley,11/5/1921,British,http://en.wikipedia.org/wiki/Geoff_Crossley,United Kingdom
786,786,fagioli,\N,\N,Luigi,Fagioli,1898-06-09,Italian,http://en.wikipedia.org/wiki/Luigi_Fagioli,Italy
787,787,harrison,\N,\N,Cuth,Harrison,6/7/1906,British,http://en.wikipedia.org/wiki/Cuth_Harrison,United Kingdom
788,788,fry,\N,\N,Joe,Fry,26/10/1915,British,http://en.wikipedia.org/wiki/Joe_Fry,United Kingdom
789,789,martin,\N,\N,Eugène,Martin,24/3/1915,French,http://en.wikipedia.org/wiki/Eug%C3%A8ne_Martin,France
790,790,leslie_johnson,\N,\N,Leslie,Johnson,22/3/1912,British,http://en.wikipedia.org/wiki/Leslie_Johnson_(racing_driver),United Kingdom
791,791,biondetti,\N,\N,Clemente,Biondetti,1898-08-18,Italian,http://en.wikipedia.org/wiki/Clemente_Biondetti,Italy
792,792,pian,\N,\N,Alfredo,Pián,21/10/1912,Argentinean,http://en.wikipedia.org/wiki/Alfredo_Pi%C3%A0n,Argentina
793,793,sommer,\N,\N,Raymond,Sommer,31/8/1906,French,http://en.wikipedia.org/wiki/Raymond_Sommer,France
794,794,chitwood,\N,\N,Joie,Chitwood,14/4/1912,American,http://en.wikipedia.org/wiki/Joie_Chitwood,United States
795,795,fohr,\N,\N,Myron,Fohr,17/6/1912,American,http://en.wikipedia.org/wiki/Myron_Fohr,United States
796,796,ader,\N,\N,Walt,Ader,15/12/1913,American,http://en.wikipedia.org/wiki/Walt_Ader,United States
797,797,holmes,\N,\N,Jackie,Holmes,4/9/1920,American,http://en.wikipedia.org/wiki/Jackie_Holmes,United States
798,798,levrett,\N,\N,Bayliss,Levrett,14/2/1914,American,http://en.wikipedia.org/wiki/Bayliss_Levrett,United States
799,799,jackson,\N,\N,Jimmy,Jackson,25/7/1910,American,http://en.wikipedia.org/wiki/Jimmy_Jackson_(driver),United States
800,800,pagani,\N,\N,Nello,Pagani,11/10/1911,Italian,http://en.wikipedia.org/wiki/Nello_Pagani,Italy
801,801,pozzi,\N,\N,Charles,Pozzi,27/8/1909,French,http://en.wikipedia.org/wiki/Charles_Pozzi,France
802,802,serafini,\N,\N,Dorino,Serafini,22/7/1909,Italian,http://en.wikipedia.org/wiki/Dorino_Serafini,Italy
803,803,cantrell,\N,\N,Bill,Cantrell,31/1/1908,American,http://en.wikipedia.org/wiki/William_Cantrell,United States
804,804,mantz,\N,\N,Johnny,Mantz,18/9/1918,American,http://en.wikipedia.org/wiki/Johnny_Mantz,United States
805,805,kladis,\N,\N,Danny,Kladis,10/2/1917,American,http://en.wikipedia.org/wiki/Danny_Kladis,United States
806,806,oscar_gonzalez,\N,\N,Óscar,González,10/11/1923,Uruguayan,http://en.wikipedia.org/wiki/%C3%93scar_Gonz%C3%A1lez_(racing_driver),Uruguay
807,807,hulkenberg,27,HUL,Nico,Hülkenberg,19/8/1987,German,http://en.wikipedia.org/wiki/Nico_H%C3%BClkenberg,Germany
808,808,petrov,\N,PET,Vitaly,Petrov,8/9/1984,Russian,http://en.wikipedia.org/wiki/Vitaly_Petrov,Russia
809,810,grassi,\N,DIG,Lucas,di Grassi,11/8/1984,Brazilian,http://en.wikipedia.org/wiki/Lucas_di_Grassi,Brazil
810,811,bruno_senna,\N,SEN,Bruno,Senna,15/10/1983,Brazilian,http://en.wikipedia.org/wiki/Bruno_Senna,Brazil
811,812,chandhok,\N,CHA,Karun,Chandhok,19/1/1984,Indian,http://en.wikipedia.org/wiki/Karun_Chandhok,India
812,813,maldonado,13,MAL,Pastor,Maldonado,9/3/1985,Venezuelan,http://en.wikipedia.org/wiki/Pastor_Maldonado,Venezuela
813,814,resta,40,DIR,Paul,di Resta,16/4/1986,British,http://en.wikipedia.org/wiki/Paul_di_Resta,United Kingdom
814,815,perez,11,PER,Sergio,Pérez,26/1/1990,Mexican,http://en.wikipedia.org/wiki/Sergio_P%C3%A9rez,Mexico
815,816,ambrosio,\N,DAM,Jérôme,d'Ambrosio,27/12/1985,Belgian,http://en.wikipedia.org/wiki/J%C3%A9r%C3%B4me_d%27Ambrosio,Belgium
816,817,ricciardo,3,RIC,Daniel,Ricciardo,1/7/1989,Australian,http://en.wikipedia.org/wiki/Daniel_Ricciardo,Australia
817,818,vergne,25,VER,Jean-Éric,Vergne,25/4/1990,French,http://en.wikipedia.org/wiki/Jean-%C3%89ric_Vergne,France
818,819,pic,\N,PIC,Charles,Pic,15/2/1990,French,http://en.wikipedia.org/wiki/Charles_Pic,France
819,820,chilton,4,CHI,Max,Chilton,21/4/1991,British,http://en.wikipedia.org/wiki/Max_Chilton,United Kingdom
820,821,gutierrez,21,GUT,Esteban,Gutiérrez,5/8/1991,Mexican,http://en.wikipedia.org/wiki/Esteban_Guti%C3%A9rrez,Mexico
821,822,bottas,77,BOT,Valtteri,Bottas,28/8/1989,Finnish,http://en.wikipedia.org/wiki/Valtteri_Bottas,Finland
822,823,garde,\N,VDG,Giedo,van der Garde,25/4/1985,Dutch,http://en.wikipedia.org/wiki/Giedo_van_der_Garde,Netherlands
823,824,jules_bianchi,17,BIA,Jules,Bianchi,3/8/1989,French,http://en.wikipedia.org/wiki/Jules_Bianchi,France
824,825,kevin_magnussen,20,MAG,Kevin,Magnussen,5/10/1992,Danish,http://en.wikipedia.org/wiki/Kevin_Magnussen,Denmark
825,826,kvyat,26,KVY,Daniil,Kvyat,26/4/1994,Russian,http://en.wikipedia.org/wiki/Daniil_Kvyat,Russia
826,827,lotterer,45,LOT,André,Lotterer,19/11/1981,German,http://en.wikipedia.org/wiki/Andr%C3%A9_Lotterer,Germany
827,828,ericsson,9,ERI,Marcus,Ericsson,2/9/1990,Swedish,http://en.wikipedia.org/wiki/Marcus_Ericsson,Sweden
828,829,stevens,28,STE,Will,Stevens,28/6/1991,British,http://en.wikipedia.org/wiki/Will_Stevens,United Kingdom
829,830,max_verstappen,33,VER,Max,Verstappen,30/9/1997,Dutch,http://en.wikipedia.org/wiki/Max_Verstappen,Netherlands
830,831,nasr,12,NAS,Felipe,Nasr,21/8/1992,Brazilian,http://en.wikipedia.org/wiki/Felipe_Nasr,Brazil
831,832,sainz,55,SAI,Carlos,Sainz,1/9/1994,Spanish,http://en.wikipedia.org/wiki/Carlos_Sainz_Jr.,Spain
832,833,merhi,98,MER,Roberto,Merhi,22/3/1991,Spanish,http://en.wikipedia.org/wiki/Roberto_Merhi,Spain
833,834,rossi,53,RSS,Alexander,Rossi,25/9/1991,American,http://en.wikipedia.org/wiki/Alexander_Rossi_%28racing_driver%29,United States
834,835,jolyon_palmer,30,PAL,Jolyon,Palmer,20/1/1991,British,http://en.wikipedia.org/wiki/Jolyon_Palmer,United Kingdom
835,836,wehrlein,94,WEH,Pascal,Wehrlein,18/10/1994,German,http://en.wikipedia.org/wiki/Pascal_Wehrlein,Germany
836,837,haryanto,88,HAR,Rio,Haryanto,22/1/1993,Indonesian,http://en.wikipedia.org/wiki/Rio_Haryanto,Indonesia
837,838,vandoorne,2,VAN,Stoffel,Vandoorne,26/3/1992,Belgian,http://en.wikipedia.org/wiki/Stoffel_Vandoorne,Belgium
838,839,ocon,31,OCO,Esteban,Ocon,17/9/1996,French,http://en.wikipedia.org/wiki/Esteban_Ocon,France
839,840,stroll,18,STR,Lance,Stroll,29/10/1998,Canadian,http://en.wikipedia.org/wiki/Lance_Stroll,Canada
840,841,giovinazzi,99,GIO,Antonio,Giovinazzi,14/12/1993,Italian,http://en.wikipedia.org/wiki/Antonio_Giovinazzi,Italy
841,843,brendon_hartley,28,HAR,Brendon,Hartley,10/11/1989,New Zealander,http://en.wikipedia.org/wiki/Brendon_Hartley,New Zealand
842,844,leclerc,16,LEC,Charles,Leclerc,16/10/1997,Monegasque,http://en.wikipedia.org/wiki/Charles_Leclerc,Monaco
843,845,sirotkin,35,SIR,Sergey,Sirotkin,27/8/1995,Russian,http://en.wikipedia.org/wiki/Sergey_Sirotkin_(racing_driver),Russia
844,846,norris,4,NOR,Lando,Norris,13/11/1999,British,http://en.wikipedia.org/wiki/Lando_Norris,United Kingdom
845,847,russell,63,RUS,George,Russell,15/2/1998,British,http://en.wikipedia.org/wiki/George_Russell_(racing_driver),United Kingdom
846,848,albon,23,ALB,Alexander,Albon,23/3/1996,Thai,http://en.wikipedia.org/wiki/Alexander_Albon,Thailand
847,849,latifi,6,LAT,Nicholas,Latifi,29/6/1995,Canadian,http://en.wikipedia.org/wiki/Nicholas_Latifi,Canada
848,850,pietro_fittipaldi,51,FIT,Pietro,Fittipaldi,25/6/1996,Brazilian,http://en.wikipedia.org/wiki/Pietro_Fittipaldi,Brazil
849,851,aitken,89,AIT,Jack,Aitken,23/9/1995,British,http://en.wikipedia.org/wiki/Jack_Aitken,United Kingdom
850,852,tsunoda,22,TSU,Yuki,Tsunoda,11/5/2000,Japanese,http://en.wikipedia.org/wiki/Yuki_Tsunoda,Japan
851,853,mazepin,9,MAZ,Nikita,Mazepin,2/3/1999,Russian,http://en.wikipedia.org/wiki/Nikita_Mazepin,Russia
852,854,mick_schumacher,47,MSC,Mick,Schumacher,22/3/1999,German,http://en.wikipedia.org/wiki/Mick_Schumacher,Germany
853,855,zhou,24,ZHO,Guanyu,Zhou,30/5/1999,Chinese,http://en.wikipedia.org/wiki/Zhou_Guanyu,China
854,856,de_vries,21,DEV,Nyck,de Vries,6/2/1995,Dutch,http://en.wikipedia.org/wiki/Nyck_de_Vries,Netherlands
855,857,piastri,81,PIA,Oscar,Piastri,6/4/2001,Australian,http://en.wikipedia.org/wiki/Oscar_Piastri,Australia
856,858,sargeant,2,SAR,Logan,Sargeant,31/12/2000,American,http://en.wikipedia.org/wiki/Logan_Sargeant,United States
857,859,lawson,30,LAW,Liam,Lawson,11/2/2002,New Zealander,http://en.wikipedia.org/wiki/Liam_Lawson,New Zealand
858,860,bearman,38,BEA,Oliver,Bearman,8/5/2005,British,http://en.wikipedia.org/wiki/Oliver_Bearman,United Kingdom
859,861,colapinto,43,COL,Franco,Colapinto,27/5/2003,Argentinean,http://en.wikipedia.org/wiki/Franco_Colapinto,Argentina
860,862,doohan,61,DOO,Jack,Doohan,20/1/2003,Australian,http://en.wikipedia.org/wiki/Jack_Doohan,Australia
